-- phpMyAdmin SQL Dump
-- version 5.2.1
-- https://www.phpmyadmin.net/
--
-- Host: 127.0.0.1
-- Generation Time: Jun 20, 2026 at 04:11 PM
-- Server version: 10.4.32-MariaDB
-- PHP Version: 8.2.12

SET SQL_MODE = "NO_AUTO_VALUE_ON_ZERO";
START TRANSACTION;
SET time_zone = "+00:00";


/*!40101 SET @OLD_CHARACTER_SET_CLIENT=@@CHARACTER_SET_CLIENT */;
/*!40101 SET @OLD_CHARACTER_SET_RESULTS=@@CHARACTER_SET_RESULTS */;
/*!40101 SET @OLD_COLLATION_CONNECTION=@@COLLATION_CONNECTION */;
/*!40101 SET NAMES utf8mb4 */;

--
-- Database: `pharmacy_db`
--

-- --------------------------------------------------------

--
-- Table structure for table `admins`
--

CREATE TABLE `admins` (
  `id` int(11) NOT NULL,
  `username` varchar(50) NOT NULL,
  `password` varchar(255) NOT NULL,
  `full_name` varchar(100) DEFAULT NULL,
  `created_at` timestamp NOT NULL DEFAULT current_timestamp()
) ENGINE=InnoDB DEFAULT CHARSET=utf8mb4 COLLATE=utf8mb4_general_ci;

-- --------------------------------------------------------

--
-- Table structure for table `contact_messages`
--

CREATE TABLE `contact_messages` (
  `id` int(11) NOT NULL,
  `full_name` varchar(100) NOT NULL,
  `email` varchar(100) NOT NULL,
  `contact_no` varchar(50) DEFAULT NULL,
  `message` text NOT NULL,
  `file_path` varchar(255) DEFAULT NULL,
  `sent_at` timestamp NOT NULL DEFAULT current_timestamp()
) ENGINE=InnoDB DEFAULT CHARSET=utf8mb4 COLLATE=utf8mb4_general_ci;

-- --------------------------------------------------------

--
-- Table structure for table `medication_alerts`
--

CREATE TABLE `medication_alerts` (
  `id` int(11) NOT NULL,
  `user_id` int(11) NOT NULL,
  `medication_name` varchar(255) NOT NULL,
  `alert_time` time NOT NULL,
  `status` varchar(20) DEFAULT 'active'
) ENGINE=InnoDB DEFAULT CHARSET=utf8mb4 COLLATE=utf8mb4_general_ci;

--
-- Dumping data for table `medication_alerts`
--

INSERT INTO `medication_alerts` (`id`, `user_id`, `medication_name`, `alert_time`, `status`) VALUES
(12, 5, 'jjj', '23:50:00', 'active'),
(32, 13, 'kamal', '11:24:00', 'active'),
(33, 13, 'kamal', '11:27:00', 'active'),
(37, 1, 'jjj', '14:24:00', 'active'),
(38, 1, 'kamal', '14:46:00', 'active'),
(39, 1, 'kk', '14:59:00', 'active'),
(42, 8, 'ksmal', '15:18:00', 'active'),
(43, 1, 'eeee', '15:40:00', 'active'),
(44, 1, '3eee', '15:45:00', 'active'),
(45, 1, 'hhh', '16:06:00', 'active'),
(46, 14, 'jj', '16:12:00', 'active'),
(47, 4, 'kamal', '16:16:00', 'active'),
(48, 4, 'jjj', '16:29:00', 'active'),
(49, 14, '12', '16:40:00', 'active'),
(50, 16, 'hh', '12:12:00', 'active'),
(51, 16, 'jjj', '12:15:00', 'active'),
(52, 16, 'wd', '12:21:00', 'active'),
(53, 16, 'hh', '12:26:00', 'active'),
(54, 8, 'kk', '18:16:00', 'active'),
(55, 8, 'ka,al', '09:40:00', 'active'),
(56, 8, 'ii', '14:35:00', 'active'),
(57, 8, '12', '15:16:00', 'active'),
(58, 8, 'tgg', '15:23:00', 'active'),
(59, 8, 'pana', '19:34:00', 'active'),
(60, 8, 'panadoo', '11:19:00', 'active');

-- --------------------------------------------------------

--
-- Table structure for table `midecal_consultation`
--

CREATE TABLE `midecal_consultation` (
  `id` int(11) NOT NULL,
  `user_id` int(11) DEFAULT NULL,
  `user_email` varchar(255) DEFAULT NULL,
  `p_name` varchar(255) NOT NULL,
  `rx_path` varchar(255) NOT NULL,
  `p_notes` text DEFAULT NULL,
  `admin_reply` text DEFAULT NULL,
  `created_at` timestamp NOT NULL DEFAULT current_timestamp()
) ENGINE=InnoDB DEFAULT CHARSET=utf8mb4 COLLATE=utf8mb4_general_ci;

--
-- Dumping data for table `midecal_consultation`
--

INSERT INTO `midecal_consultation` (`id`, `user_id`, `user_email`, `p_name`, `rx_path`, `p_notes`, `admin_reply`, `created_at`) VALUES
(3, NULL, NULL, 'kkkkk', '1776373654_69e14f9691c69.png', 'hhyyuuu', NULL, '2026-04-16 21:07:34'),
(30, 1, 'kamalakhras@gmail.com', 'kamal', '1776862002_1776517723_WhatsApp Image 2026-04-18 at 3.59.54 PM (1).jpeg', '1234', NULL, '2026-04-22 12:46:42'),
(31, 1, 'kamalakhras@gmail.com', 'ujjj', '1776863252_1776518187_WhatsApp Image 2026-04-18 at 4.09.07 PM (2).jpeg', 'uuyyytff', NULL, '2026-04-22 13:07:32'),
(32, 14, 'kamalakhars9@gmail.com', 'kkk', '1776863511_1776518187_WhatsApp Image 2026-04-18 at 4.09.07 PM (2).jpeg', 'jjjj', 'kamalk', '2026-04-22 13:11:51'),
(33, 14, 'kamalakhars9@gmail.com', 'kkk', '1776865235_1776517688_WhatsApp Image 2026-04-18 at 3.59.54 PM (2).jpeg', '1234', '12345', '2026-04-22 13:40:35'),
(34, 16, 'khaledalmaghchouh@gmail.com', 'hfhf', '1776936050_1776517723_WhatsApp Image 2026-04-18 at 3.59.54 PM (1).jpeg', 'ff', 'jjjjj', '2026-04-23 09:20:50'),
(35, 8, 'kamalakhars7@gmail.com', 'mjj', '1776957405_1776517688_WhatsApp Image 2026-04-18 at 3.59.54 PM (2).jpeg', 'kj', 'jgjgj', '2026-04-23 15:16:45'),
(36, 8, 'kamalakhars7@gmail.com', 'hamze', '1777099371_1776517654_WhatsApp Image 2026-04-18 at 3.59.54 PM.jpeg', 'kamal arkhas adwyee', NULL, '2026-04-25 06:42:51'),
(37, 8, 'kamalakhars7@gmail.com', 'hamze', '1777099390_1776517654_WhatsApp Image 2026-04-18 at 3.59.54 PM.jpeg', 'kamal arkhas adwyee', 'lakskk', '2026-04-25 06:43:10'),
(38, 0, '', 'uiiu', '1779451618_ultra-doux-avocado-shampoo.jpg', 'uuuu', NULL, '2026-05-22 12:06:58'),
(39, 0, '', 'uiiu', '1779451630_ultra-doux-avocado-shampoo.jpg', 'uuuu', NULL, '2026-05-22 12:07:10'),
(40, 0, '', 'kamal', '1779451891_ultra-doux-avocado-shampoo.jpg', '1234', NULL, '2026-05-22 12:11:31'),
(41, 8, 'kamalakhars7@gmail.com', 'kamala', '1779452710_ultra-doux-avocado-shampoo.jpg', 'kamal', 'iiii', '2026-05-22 12:25:10'),
(42, 8, 'kamalakhars7@gmail.com', 'kamal', '1780418092_Prescription1.png', 'kamal1', 'kamal', '2026-06-02 16:34:52'),
(43, 8, 'kamalakhars7@gmail.com', 'kamal', '1780561368_Prescription1.png', '', 'mawjod kamyee', '2026-06-04 08:22:48');

-- --------------------------------------------------------

--
-- Table structure for table `notifications`
--

CREATE TABLE `notifications` (
  `id` int(11) NOT NULL,
  `user_id` int(11) NOT NULL,
  `type` varchar(50) NOT NULL,
  `title` varchar(255) NOT NULL,
  `message` text NOT NULL,
  `is_read` tinyint(1) DEFAULT 0,
  `created_at` timestamp NOT NULL DEFAULT current_timestamp()
) ENGINE=InnoDB DEFAULT CHARSET=utf8mb4 COLLATE=utf8mb4_general_ci;

--
-- Dumping data for table `notifications`
--

INSERT INTO `notifications` (`id`, `user_id`, `type`, `title`, `message`, `is_read`, `created_at`) VALUES
(1, 1, 'medication_reminder', 'حان موعد دوائك الآن!', 'حان الآن موعد أخذ جرعة gg (الساعة 21:39:00). لا تتأخر!', 0, '2026-04-18 18:39:13'),
(2, 1, 'medication_reminder', 'حان موعد دوائك الآن!', 'حان الآن موعد أخذ جرعة gg (الساعة 22:09:00). لا تتأخر!', 0, '2026-04-18 19:09:03'),
(3, 1, 'contact_message', 'رسالة جديدة من: kamal', 'رسالة من kamal: jjjjjj', 0, '2026-04-18 19:21:19'),
(4, 3, 'contact_message', 'رسالة جديدة من: kamal', 'رسالة من kamal: jjjjjj', 1, '2026-04-18 19:21:19'),
(5, 4, 'contact_message', 'رسالة جديدة من: kamal', 'رسالة من kamal: jjjjjj', 0, '2026-04-18 19:21:19'),
(6, 6, 'contact_message', 'رسالة جديدة من: kamal', 'رسالة من kamal: jjjjjj', 1, '2026-04-18 19:21:19'),
(7, 1, 'order_placed', 'تم استلام طلبك بنجاح!', 'تم تسجيل طلبك رقم #ORD-1776540177. سيتم التواصل معك قريباً لتأكيد التوصيل.', 0, '2026-04-18 19:22:57'),
(8, 1, 'order_new', 'طلب جديد #ORD-1776540177', 'طلب من kamal', 0, '2026-04-18 19:22:58'),
(9, 3, 'order_new', 'طلب جديد #ORD-1776540177', 'طلب من kamal', 1, '2026-04-18 19:22:58'),
(10, 4, 'order_new', 'طلب جديد #ORD-1776540177', 'طلب من kamal', 0, '2026-04-18 19:22:58'),
(11, 6, 'order_new', 'طلب جديد #ORD-1776540177', 'طلب من kamal', 1, '2026-04-18 19:22:58'),
(12, 9, 'order_placed', 'تم استلام طلبك بنجاح!', 'تم تسجيل طلبك رقم #ORD-1776540226. سيتم التواصل معك قريباً لتأكيد التوصيل.', 0, '2026-04-18 19:23:46'),
(13, 1, 'order_new', 'طلب جديد #ORD-1776540226', 'طلب من kamal', 0, '2026-04-18 19:23:47'),
(14, 3, 'order_new', 'طلب جديد #ORD-1776540226', 'طلب من kamal', 1, '2026-04-18 19:23:47'),
(15, 4, 'order_new', 'طلب جديد #ORD-1776540226', 'طلب من kamal', 1, '2026-04-18 19:23:47'),
(16, 6, 'order_new', 'طلب جديد #ORD-1776540226', 'طلب من kamal', 1, '2026-04-18 19:23:47'),
(17, 9, 'medication_added', 'تم ضبط تنبيه دوائك', 'سيتم تذكيرك بموعد دواء kk في الساعة 22:27 يومياً.', 0, '2026-04-18 19:26:51'),
(18, 9, 'medication_reminder', 'حان موعد دوائك الآن!', 'حان الآن موعد أخذ جرعة kk (الساعة 22:27:00). لا تتأخر!', 0, '2026-04-18 19:27:01'),
(19, 1, 'consultation_new', 'استشارة طبية جديدة', 'استشارة جديدة من kamal', 0, '2026-04-18 19:37:34'),
(20, 4, 'consultation_new', 'استشارة طبية جديدة', 'استشارة جديدة من kamal', 0, '2026-04-18 19:37:34'),
(21, 9, 'consultation_reply', 'رد الصيدلاني على استشارتك', 'أجاب الصيدلاني على استشارتك الطبية:\"ooooo\"', 0, '2026-04-18 19:38:51'),
(22, 4, 'order_placed', 'تم استلام طلبك بنجاح!', 'تم تسجيل طلبك رقم #ORD-1776542706. سيتم التواصل معك قريباً لتأكيد التوصيل.', 0, '2026-04-18 20:05:06'),
(23, 1, 'order_new', 'طلب جديد #ORD-1776542706', 'طلب من kamal', 0, '2026-04-18 20:05:08'),
(24, 4, 'order_new', 'طلب جديد #ORD-1776542706', 'طلب من kamal', 0, '2026-04-18 20:05:08'),
(25, 1, 'contact_message', 'رسالة جديدة من: kamal', 'رسالة من kamal: ggjjg', 0, '2026-04-18 20:29:22'),
(26, 4, 'contact_message', 'رسالة جديدة من: kamal', 'رسالة من kamal: ggjjg', 0, '2026-04-18 20:29:22'),
(27, 1, 'contact_message', 'رسالة جديدة من: kamal', 'رسالة من kamal: jjjjj', 0, '2026-04-18 20:30:18'),
(28, 4, 'contact_message', 'رسالة جديدة من: kamal', 'رسالة من kamal: jjjjj', 0, '2026-04-18 20:30:18'),
(29, 1, 'contact_message', 'رسالة جديدة من: kamal', 'رسالة من kamal: jjjjj', 0, '2026-04-18 20:30:22'),
(30, 4, 'contact_message', 'رسالة جديدة من: kamal', 'رسالة من kamal: jjjjj', 0, '2026-04-18 20:30:22'),
(31, 1, 'contact_message', 'رسالة جديدة من: kamal', 'رسالة من kamal: jjjjj', 0, '2026-04-18 20:30:26'),
(32, 4, 'contact_message', 'رسالة جديدة من: kamal', 'رسالة من kamal: jjjjj', 0, '2026-04-18 20:30:26'),
(33, 1, 'contact_message', 'رسالة جديدة من: kamal', 'رسالة من kamal: jjjjj', 0, '2026-04-18 20:30:28'),
(34, 4, 'contact_message', 'رسالة جديدة من: kamal', 'رسالة من kamal: jjjjj', 0, '2026-04-18 20:30:28'),
(35, 1, 'contact_message', 'رسالة جديدة من: kamal', 'رسالة من kamal: jjjjj', 0, '2026-04-18 20:30:31'),
(36, 4, 'contact_message', 'رسالة جديدة من: kamal', 'رسالة من kamal: jjjjj', 0, '2026-04-18 20:30:31'),
(37, 1, 'contact_message', 'رسالة جديدة من: kamal', 'رسالة من kamal: jjjjj', 0, '2026-04-18 20:30:34'),
(38, 4, 'contact_message', 'رسالة جديدة من: kamal', 'رسالة من kamal: jjjjj', 0, '2026-04-18 20:30:34'),
(39, 1, 'contact_message', 'رسالة جديدة من: kamal', 'رسالة من kamal: jjjjj', 0, '2026-04-18 20:30:37'),
(40, 4, 'contact_message', 'رسالة جديدة من: kamal', 'رسالة من kamal: jjjjj', 0, '2026-04-18 20:30:37'),
(41, 1, 'contact_message', 'رسالة جديدة من: kamal', 'رسالة من kamal: jjjjj', 0, '2026-04-18 20:30:40'),
(42, 4, 'contact_message', 'رسالة جديدة من: kamal', 'رسالة من kamal: jjjjj', 0, '2026-04-18 20:30:40'),
(43, 1, 'contact_message', 'رسالة جديدة من: kamal', 'رسالة من kamal: jjjjj', 0, '2026-04-18 20:30:43'),
(44, 4, 'contact_message', 'رسالة جديدة من: kamal', 'رسالة من kamal: jjjjj', 0, '2026-04-18 20:30:43'),
(45, 1, 'contact_message', 'رسالة جديدة من: kamal', 'رسالة من kamal: jjjjj', 0, '2026-04-18 20:30:46'),
(46, 4, 'contact_message', 'رسالة جديدة من: kamal', 'رسالة من kamal: jjjjj', 0, '2026-04-18 20:30:46'),
(47, 1, 'contact_message', 'رسالة جديدة من: kamal', 'رسالة من kamal: jjjjj', 0, '2026-04-18 20:30:49'),
(48, 4, 'contact_message', 'رسالة جديدة من: kamal', 'رسالة من kamal: jjjjj', 0, '2026-04-18 20:30:49'),
(49, 9, 'order_placed', 'تم استلام طلبك بنجاح!', 'تم تسجيل طلبك رقم #ORD-1776544313. سيتم التواصل معك قريباً لتأكيد التوصيل.', 0, '2026-04-18 20:31:53'),
(50, 1, 'order_new', 'طلب جديد #ORD-1776544313', 'طلب من kamal', 0, '2026-04-18 20:31:54'),
(51, 4, 'order_new', 'طلب جديد #ORD-1776544313', 'طلب من kamal', 0, '2026-04-18 20:31:54'),
(52, 9, 'medication_added', 'تم ضبط تنبيه دوائك', 'سيتم تذكيرك بموعد دواء jj في الساعة 23:33 يومياً.', 0, '2026-04-18 20:32:19'),
(53, 9, 'medication_reminder', 'حان موعد دوائك الآن!', 'حان الآن موعد أخذ جرعة jj (الساعة 23:33:00). لا تتأخر!', 0, '2026-04-18 20:33:22'),
(54, 1, 'consultation_new', 'استشارة طبية جديدة', 'استشارة جديدة من kamal', 0, '2026-04-18 20:34:14'),
(55, 4, 'consultation_new', 'استشارة طبية جديدة', 'استشارة جديدة من kamal', 0, '2026-04-18 20:34:14'),
(56, 9, 'order_placed', 'تم استلام طلبك بنجاح!', 'تم تسجيل طلبك رقم #ORD-1776544522. سيتم التواصل معك قريباً لتأكيد التوصيل.', 0, '2026-04-18 20:35:22'),
(57, 1, 'order_new', 'طلب جديد #ORD-1776544522', 'طلب من kamal', 0, '2026-04-18 20:35:23'),
(58, 4, 'order_new', 'طلب جديد #ORD-1776544522', 'طلب من kamal', 0, '2026-04-18 20:35:23'),
(59, 9, 'order_placed', 'تم استلام طلبك بنجاح!', 'تم تسجيل طلبك رقم #ORD-1776544576. سيتم التواصل معك قريباً لتأكيد التوصيل.', 0, '2026-04-18 20:36:16'),
(60, 1, 'order_new', 'طلب جديد #ORD-1776544576', 'طلب من kamal', 0, '2026-04-18 20:36:17'),
(61, 4, 'order_new', 'طلب جديد #ORD-1776544576', 'طلب من kamal', 0, '2026-04-18 20:36:17'),
(62, 9, 'order_shipped', 'تم شحن طلبك!', 'يسرنا إخبارك أن طلبك رقم #ORD-1776544576 تم شحنه وهو في طريقه إليك الآن!', 0, '2026-04-18 20:37:27'),
(63, 9, 'consultation_reply', 'رد الصيدلاني على استشارتك', 'أجاب الصيدلاني على استشارتك الطبية:\"jjjj\"', 0, '2026-04-18 20:38:10'),
(64, 1, 'order_shipped', 'تم شحن طلبك!', 'يسرنا إخبارك أن طلبك رقم #ORD-1776505451 تم شحنه وهو في طريقه إليك الآن!', 0, '2026-04-18 21:02:23'),
(65, 1, 'order_shipped', 'تم شحن طلبك!', 'يسرنا إخبارك أن طلبك رقم #ORD-1776519756 تم شحنه وهو في طريقه إليك الآن!', 0, '2026-04-18 21:02:31'),
(66, 10, 'order_placed', 'تم استلام طلبك بنجاح!', 'تم تسجيل طلبك رقم #ORD-1776625178. سيتم التواصل معك قريباً لتأكيد التوصيل.', 1, '2026-04-19 18:59:38'),
(67, 1, 'order_new', 'طلب جديد #ORD-1776625178', 'طلب من mimo', 0, '2026-04-19 18:59:38'),
(68, 4, 'order_new', 'طلب جديد #ORD-1776625178', 'طلب من mimo', 0, '2026-04-19 18:59:38'),
(69, 11, 'order_placed', 'تم استلام طلبك بنجاح!', 'تم تسجيل طلبك رقم #ORD-1776627744. سيتم التواصل معك قريباً لتأكيد التوصيل.', 0, '2026-04-19 19:42:24'),
(70, 1, 'order_new', 'طلب جديد #ORD-1776627744', 'طلب من jihad', 0, '2026-04-19 19:43:01'),
(71, 4, 'order_new', 'طلب جديد #ORD-1776627744', 'طلب من jihad', 0, '2026-04-19 19:43:01'),
(72, 6, 'order_placed', 'تم استلام طلبك بنجاح!', 'تم تسجيل طلبك رقم #ORD-1776628069. سيتم التواصل معك قريباً لتأكيد التوصيل.', 1, '2026-04-19 19:47:49'),
(73, 1, 'order_new', 'طلب جديد #ORD-1776628069', 'طلب من aycha', 0, '2026-04-19 19:47:50'),
(74, 4, 'order_new', 'طلب جديد #ORD-1776628069', 'طلب من aycha', 0, '2026-04-19 19:47:50'),
(75, 6, 'order_shipped', 'تم شحن طلبك!', 'يسرنا إخبارك أن طلبك رقم #ORD-1776628069 تم شحنه وهو في طريقه إليك الآن!', 0, '2026-04-19 20:11:29'),
(76, 11, 'order_shipped', 'تم شحن طلبك!', 'يسرنا إخبارك أن طلبك رقم #ORD-1776627744 تم شحنه وهو في طريقه إليك الآن!', 0, '2026-04-19 20:18:02'),
(77, 12, 'order_placed', 'تم استلام طلبك بنجاح!', 'تم تسجيل طلبك رقم #ORD-1776630262. سيتم التواصل معك قريباً لتأكيد التوصيل.', 0, '2026-04-19 20:24:22'),
(78, 1, 'order_new', 'طلب جديد #ORD-1776630262', 'طلب من sidra', 0, '2026-04-19 20:24:27'),
(79, 4, 'order_new', 'طلب جديد #ORD-1776630262', 'طلب من sidra', 0, '2026-04-19 20:24:27'),
(80, 6, 'order_new', 'طلب جديد #ORD-1776630262', 'طلب من sidra', 0, '2026-04-19 20:24:27'),
(81, 1, 'consultation_new', 'استشارة طبية جديدة', 'استشارة جديدة من sidra issa', 0, '2026-04-19 20:25:56'),
(82, 4, 'consultation_new', 'استشارة طبية جديدة', 'استشارة جديدة من sidra issa', 0, '2026-04-19 20:25:56'),
(83, 6, 'consultation_new', 'استشارة طبية جديدة', 'استشارة جديدة من sidra issa', 0, '2026-04-19 20:25:56'),
(84, 1, 'consultation_new', 'استشارة طبية جديدة', 'استشارة جديدة من sidra issa', 0, '2026-04-19 20:26:08'),
(85, 4, 'consultation_new', 'استشارة طبية جديدة', 'استشارة جديدة من sidra issa', 0, '2026-04-19 20:26:08'),
(86, 6, 'consultation_new', 'استشارة طبية جديدة', 'استشارة جديدة من sidra issa', 0, '2026-04-19 20:26:08'),
(87, 1, 'consultation_new', 'استشارة طبية جديدة', 'استشارة جديدة من sidra issa', 0, '2026-04-19 20:26:15'),
(88, 4, 'consultation_new', 'استشارة طبية جديدة', 'استشارة جديدة من sidra issa', 0, '2026-04-19 20:26:15'),
(89, 6, 'consultation_new', 'استشارة طبية جديدة', 'استشارة جديدة من sidra issa', 1, '2026-04-19 20:26:15'),
(90, 12, 'consultation_reply', 'رد الصيدلاني على استشارتك', 'أجاب الصيدلاني على استشارتك الطبية:\"hi hii\"', 0, '2026-04-19 20:27:41'),
(91, 12, 'order_shipped', 'تم شحن طلبك!', 'يسرنا إخبارك أن طلبك رقم #ORD-1776630262 تم شحنه وهو في طريقه إليك الآن!', 0, '2026-04-19 20:29:24'),
(92, 9, 'consultation_reply', 'رد الصيدلاني على استشارتك', 'أجاب الصيدلاني على استشارتك الطبية:\"hhhhhhhhh\"', 0, '2026-04-20 17:25:06'),
(93, 13, 'medication_added', 'تم ضبط تنبيه دوائك', 'سيتم تذكيرك بموعد دواء kamal في الساعة 11:24 يومياً.', 0, '2026-04-22 08:23:37'),
(94, 13, 'medication_reminder', 'حان موعد دوائك الآن!', 'حان الآن موعد أخذ جرعة kamal (الساعة 11:24:00). لا تتأخر!', 0, '2026-04-22 08:24:09'),
(95, 13, 'medication_added', 'تم ضبط تنبيه دوائك', 'سيتم تذكيرك بموعد دواء kamal في الساعة 11:27 يومياً.', 0, '2026-04-22 08:26:23'),
(96, 13, 'medication_reminder', 'حان موعد دوائك الآن!', 'حان الآن موعد أخذ جرعة kamal (الساعة 11:27:00). لا تتأخر!', 0, '2026-04-22 08:27:15'),
(97, 1, 'consultation_new', 'استشارة طبية جديدة', 'استشارة جديدة من kamal', 0, '2026-04-22 08:28:19'),
(98, 4, 'consultation_new', 'استشارة طبية جديدة', 'استشارة جديدة من kamal', 0, '2026-04-22 08:28:19'),
(99, 6, 'consultation_new', 'استشارة طبية جديدة', 'استشارة جديدة من kamal', 0, '2026-04-22 08:28:19'),
(100, 1, 'consultation_new', 'استشارة طبية جديدة', 'استشارة جديدة من kamal', 0, '2026-04-22 08:28:45'),
(101, 4, 'consultation_new', 'استشارة طبية جديدة', 'استشارة جديدة من kamal', 0, '2026-04-22 08:28:45'),
(102, 6, 'consultation_new', 'استشارة طبية جديدة', 'استشارة جديدة من kamal', 0, '2026-04-22 08:28:45'),
(103, 1, 'consultation_new', 'استشارة طبية جديدة', 'استشارة جديدة من kamal', 0, '2026-04-22 08:29:45'),
(104, 4, 'consultation_new', 'استشارة طبية جديدة', 'استشارة جديدة من kamal', 0, '2026-04-22 08:29:45'),
(105, 6, 'consultation_new', 'استشارة طبية جديدة', 'استشارة جديدة من kamal', 0, '2026-04-22 08:29:45'),
(106, 1, 'consultation_new', 'استشارة طبية جديدة', 'استشارة جديدة من kamal', 0, '2026-04-22 08:30:01'),
(107, 4, 'consultation_new', 'استشارة طبية جديدة', 'استشارة جديدة من kamal', 0, '2026-04-22 08:30:01'),
(108, 6, 'consultation_new', 'استشارة طبية جديدة', 'استشارة جديدة من kamal', 0, '2026-04-22 08:30:01'),
(109, 13, 'consultation_reply', 'رد الصيدلاني على استشارتك', 'أجاب الصيدلاني على استشارتك الطبية:\"fjhghhg\"', 0, '2026-04-22 08:31:17'),
(110, 1, 'consultation_new', 'استشارة طبية جديدة', 'استشارة جديدة من kamal', 0, '2026-04-22 08:33:48'),
(111, 4, 'consultation_new', 'استشارة طبية جديدة', 'استشارة جديدة من kamal', 0, '2026-04-22 08:33:48'),
(112, 6, 'consultation_new', 'استشارة طبية جديدة', 'استشارة جديدة من kamal', 0, '2026-04-22 08:33:48'),
(113, 8, 'medication_added', 'تم ضبط تنبيه دوائك', 'سيتم تذكيرك بموعد دواء kamal في الساعة 11:35 يومياً.', 0, '2026-04-22 08:34:32'),
(114, 8, 'medication_reminder', 'حان موعد دوائك الآن!', 'حان الآن موعد أخذ جرعة kamal (الساعة 11:35:00). لا تتأخر!', 0, '2026-04-22 08:35:06'),
(115, 8, 'consultation_reply', 'رد الصيدلاني على استشارتك', 'أجاب الصيدلاني على استشارتك الطبية:\"123343\"', 0, '2026-04-22 08:36:24'),
(116, 8, 'consultation_reply', 'رد الصيدلاني على استشارتك', 'أجاب الصيدلاني على استشارتك الطبية:\"kamal\"', 0, '2026-04-22 08:38:03'),
(117, 1, 'medication_added', 'تم ضبط تنبيه دوائك', 'سيتم تذكيرك بموعد دواء KAmal في الساعة 14:13 يومياً.', 0, '2026-04-22 11:12:32'),
(118, 1, 'medication_reminder', 'حان موعد دوائك الآن!', 'حان الآن موعد أخذ جرعة KAmal (الساعة 14:13:00). لا تتأخر!', 0, '2026-04-22 11:13:05'),
(119, 1, 'medication_added', 'تم ضبط تنبيه دوائك', 'سيتم تذكيرك بموعد دواء hh في الساعة 14:16 يومياً.', 0, '2026-04-22 11:15:09'),
(120, 1, 'medication_reminder', 'حان موعد دوائك الآن!', 'حان الآن موعد أخذ جرعة hh (الساعة 14:16:00). لا تتأخر!', 0, '2026-04-22 11:16:13'),
(121, 1, 'consultation_new', 'استشارة طبية جديدة', 'استشارة جديدة من kamal', 0, '2026-04-22 11:21:38'),
(122, 4, 'consultation_new', 'استشارة طبية جديدة', 'استشارة جديدة من kamal', 0, '2026-04-22 11:21:38'),
(123, 6, 'consultation_new', 'استشارة طبية جديدة', 'استشارة جديدة من kamal', 0, '2026-04-22 11:21:38'),
(124, 1, 'consultation_new', 'استشارة طبية جديدة', 'استشارة جديدة من kamal', 0, '2026-04-22 11:21:40'),
(125, 4, 'consultation_new', 'استشارة طبية جديدة', 'استشارة جديدة من kamal', 0, '2026-04-22 11:21:40'),
(126, 6, 'consultation_new', 'استشارة طبية جديدة', 'استشارة جديدة من kamal', 0, '2026-04-22 11:21:40'),
(127, 1, 'contact_message', 'رسالة جديدة من: kamal', 'رسالة من kamal: mjm', 0, '2026-04-22 11:22:49'),
(128, 4, 'contact_message', 'رسالة جديدة من: kamal', 'رسالة من kamal: mjm', 0, '2026-04-22 11:22:49'),
(129, 6, 'contact_message', 'رسالة جديدة من: kamal', 'رسالة من kamal: mjm', 0, '2026-04-22 11:22:49'),
(130, 1, 'medication_added', 'تم ضبط تنبيه دوائك', 'سيتم تذكيرك بموعد دواء jjj في الساعة 14:24 يومياً.', 0, '2026-04-22 11:23:24'),
(131, 8, 'medication_reminder', 'حان موعد دوائك الآن!', 'حان الآن موعد أخذ جرعة kamal (الساعة 14:26:00). لا تتأخر!', 0, '2026-04-22 11:26:03'),
(132, 1, 'consultation_new', 'استشارة طبية جديدة', 'استشارة جديدة من jkjsjs', 0, '2026-04-22 11:27:17'),
(133, 4, 'consultation_new', 'استشارة طبية جديدة', 'استشارة جديدة من jkjsjs', 0, '2026-04-22 11:27:17'),
(134, 6, 'consultation_new', 'استشارة طبية جديدة', 'استشارة جديدة من jkjsjs', 0, '2026-04-22 11:27:17'),
(135, 1, 'consultation_new', 'استشارة طبية جديدة', 'استشارة جديدة من jkjsjs', 0, '2026-04-22 11:27:22'),
(136, 4, 'consultation_new', 'استشارة طبية جديدة', 'استشارة جديدة من jkjsjs', 0, '2026-04-22 11:27:22'),
(137, 6, 'consultation_new', 'استشارة طبية جديدة', 'استشارة جديدة من jkjsjs', 0, '2026-04-22 11:27:22'),
(138, 8, 'consultation_reply', 'رد الصيدلاني على استشارتك', 'أجاب الصيدلاني على استشارتك الطبية:\"1234567\"', 0, '2026-04-22 11:28:24'),
(139, 1, 'consultation_new', 'استشارة طبية جديدة', 'استشارة جديدة من jkjsjs', 0, '2026-04-22 11:44:57'),
(140, 4, 'consultation_new', 'استشارة طبية جديدة', 'استشارة جديدة من jkjsjs', 0, '2026-04-22 11:44:57'),
(141, 6, 'consultation_new', 'استشارة طبية جديدة', 'استشارة جديدة من jkjsjs', 0, '2026-04-22 11:44:57'),
(142, 1, 'medication_added', 'تم ضبط تنبيه دوائك', 'سيتم تذكيرك بموعد دواء kamal في الساعة 14:46 يومياً.', 0, '2026-04-22 11:45:24'),
(143, 1, 'medication_reminder', 'حان موعد دوائك الآن!', 'حان الآن موعد أخذ جرعة kamal (الساعة 14:46:00). لا تتأخر!', 0, '2026-04-22 11:46:27'),
(144, 1, 'consultation_new', 'استشارة طبية جديدة', 'استشارة جديدة من kamal', 0, '2026-04-22 11:48:33'),
(145, 4, 'consultation_new', 'استشارة طبية جديدة', 'استشارة جديدة من kamal', 0, '2026-04-22 11:48:33'),
(146, 6, 'consultation_new', 'استشارة طبية جديدة', 'استشارة جديدة من kamal', 0, '2026-04-22 11:48:33'),
(147, 1, 'contact_message', 'رسالة جديدة من: kamal', 'رسالة من kamal: bgbh', 0, '2026-04-22 11:49:27'),
(148, 4, 'contact_message', 'رسالة جديدة من: kamal', 'رسالة من kamal: bgbh', 0, '2026-04-22 11:49:27'),
(149, 6, 'contact_message', 'رسالة جديدة من: kamal', 'رسالة من kamal: bgbh', 0, '2026-04-22 11:49:27'),
(150, 1, 'contact_message', 'رسالة جديدة من: kamal', 'رسالة من kamal: bgbh', 0, '2026-04-22 11:49:29'),
(151, 4, 'contact_message', 'رسالة جديدة من: kamal', 'رسالة من kamal: bgbh', 0, '2026-04-22 11:49:29'),
(152, 6, 'contact_message', 'رسالة جديدة من: kamal', 'رسالة من kamal: bgbh', 0, '2026-04-22 11:49:29'),
(153, 1, 'consultation_reply', 'رد الصيدلاني على استشارتك', 'أجاب الصيدلاني على استشارتك الطبية:\"jjjj\"', 0, '2026-04-22 11:49:47'),
(154, 1, 'consultation_reply', 'رد الصيدلاني على استشارتك', 'أجاب الصيدلاني على استشارتك الطبية:\"kkkkk\"', 0, '2026-04-22 11:50:17'),
(155, 1, 'consultation_reply', 'رد الصيدلاني على استشارتك', 'أجاب الصيدلاني على استشارتك الطبية:\"jjjjjj\"', 0, '2026-04-22 11:50:42'),
(156, 1, 'consultation_reply', 'رد الصيدلاني على استشارتك', 'أجاب الصيدلاني على استشارتك الطبية:\"jjjjjj\"', 0, '2026-04-22 11:50:45'),
(157, 1, 'consultation_reply', 'رد الصيدلاني على استشارتك', 'أجاب الصيدلاني على استشارتك الطبية:\"jjj\"', 0, '2026-04-22 11:51:22'),
(158, 1, 'medication_added', 'تم ضبط تنبيه دوائك', 'سيتم تذكيرك بموعد دواء kk في الساعة 14:59 يومياً.', 0, '2026-04-22 11:58:49'),
(159, 1, 'medication_reminder', 'حان موعد دوائك الآن!', 'حان الآن موعد أخذ جرعة kk (الساعة 14:59:00). لا تتأخر!', 0, '2026-04-22 11:59:24'),
(160, 8, 'consultation_reply', 'رد الصيدلاني على استشارتك', 'أجاب الصيدلاني على استشارتك الطبية:\"hhhh\"', 0, '2026-04-22 12:00:36'),
(161, 8, 'medication_added', 'تم ضبط تنبيه دوائك', 'سيتم تذكيرك بموعد دواء jjjjj في الساعة 15:04 يومياً.', 0, '2026-04-22 12:03:24'),
(162, 8, 'medication_reminder', 'حان موعد دوائك الآن!', 'حان الآن موعد أخذ جرعة jjjjj (الساعة 15:04:00). لا تتأخر!', 0, '2026-04-22 12:04:27'),
(163, 8, 'medication_added', 'تم ضبط تنبيه دوائك', 'سيتم تذكيرك بموعد دواء hh في الساعة 15:06 يومياً.', 0, '2026-04-22 12:05:43'),
(164, 8, 'medication_reminder', 'حان موعد دوائك الآن!', 'حان الآن موعد أخذ جرعة hh (الساعة 15:06:00). لا تتأخر!', 0, '2026-04-22 12:06:16'),
(165, 8, 'medication_added', 'تم ضبط تنبيه دوائك', 'سيتم تذكيرك بموعد دواء ksmal في الساعة 15:15 يومياً.', 0, '2026-04-22 12:14:27'),
(166, 8, 'medication_reminder', 'حان موعد دوائك الآن!', 'حان الآن موعد أخذ جرعة ksmal (الساعة 15:15:00). لا تتأخر!', 0, '2026-04-22 12:15:29'),
(167, 1, 'consultation_new', 'استشارة طبية جديدة', 'استشارة جديدة من kamal', 0, '2026-04-22 12:16:25'),
(168, 4, 'consultation_new', 'استشارة طبية جديدة', 'استشارة جديدة من kamal', 0, '2026-04-22 12:16:25'),
(169, 6, 'consultation_new', 'استشارة طبية جديدة', 'استشارة جديدة من kamal', 0, '2026-04-22 12:16:25'),
(170, 1, 'contact_message', 'رسالة جديدة من: kamal', 'رسالة من kamal: ejjr', 0, '2026-04-22 12:16:48'),
(171, 4, 'contact_message', 'رسالة جديدة من: kamal', 'رسالة من kamal: ejjr', 0, '2026-04-22 12:16:48'),
(172, 6, 'contact_message', 'رسالة جديدة من: kamal', 'رسالة من kamal: ejjr', 0, '2026-04-22 12:16:48'),
(173, 1, 'contact_message', 'رسالة جديدة من: kamal', 'رسالة من kamal: ejjr', 0, '2026-04-22 12:16:50'),
(174, 4, 'contact_message', 'رسالة جديدة من: kamal', 'رسالة من kamal: ejjr', 0, '2026-04-22 12:16:50'),
(175, 6, 'contact_message', 'رسالة جديدة من: kamal', 'رسالة من kamal: ejjr', 0, '2026-04-22 12:16:50'),
(176, 8, 'medication_reminder', 'حان موعد دوائك الآن!', 'حان الآن موعد أخذ جرعة ksmal (الساعة 15:18:00). لا تتأخر!', 0, '2026-04-22 12:18:13'),
(177, 8, 'consultation_reply', 'رد الصيدلاني على استشارتك', 'أجاب الصيدلاني على استشارتك الطبية:\"kamal\"', 0, '2026-04-22 12:19:55'),
(178, 8, 'consultation_reply', 'رد الصيدلاني على استشارتك', 'أجاب الصيدلاني على استشارتك الطبية:\"kamal\"', 0, '2026-04-22 12:26:42'),
(179, 9, 'consultation_reply', 'رد الصيدلاني على استشارتك', 'أجاب الصيدلاني على استشارتك الطبية:\"This is a diagnostic test reply to verify email service.\"', 0, '2026-04-22 12:33:39'),
(180, 1, 'medication_reminder', 'حان موعد دوائك الآن!', 'حان الآن موعد أخذ جرعة jjj (الساعة 14:24:00). لا تتأخر!', 0, '2026-04-22 12:34:33'),
(181, 8, 'consultation_reply', 'رد الصيدلاني على استشارتك', 'أجاب الصيدلاني على استشارتك الطبية:\"kamal\"', 0, '2026-04-22 12:36:47'),
(182, 1, 'medication_added', 'تم ضبط تنبيه دوائك', 'سيتم تذكيرك بموعد دواء eeee في الساعة 15:40 يومياً.', 0, '2026-04-22 12:39:51'),
(183, 1, 'medication_reminder', 'حان موعد دوائك الآن!', 'حان الآن موعد أخذ جرعة eeee (الساعة 15:40:00). لا تتأخر!', 0, '2026-04-22 12:40:24'),
(184, 1, 'medication_added', 'تم ضبط تنبيه دوائك', 'سيتم تذكيرك بموعد دواء 3eee في الساعة 15:45 يومياً.', 0, '2026-04-22 12:44:09'),
(185, 1, 'medication_reminder', 'حان موعد دوائك الآن!', 'حان الآن موعد أخذ جرعة 3eee (الساعة 15:45:00). لا تتأخر!', 0, '2026-04-22 12:45:13'),
(186, 1, 'consultation_new', 'استشارة طبية جديدة', 'استشارة جديدة من kamal', 0, '2026-04-22 12:46:42'),
(187, 4, 'consultation_new', 'استشارة طبية جديدة', 'استشارة جديدة من kamal', 0, '2026-04-22 12:46:42'),
(188, 6, 'consultation_new', 'استشارة طبية جديدة', 'استشارة جديدة من kamal', 0, '2026-04-22 12:46:42'),
(189, 1, 'medication_added', 'تم ضبط تنبيه دوائك', 'سيتم تذكيرك بموعد دواء hhh في الساعة 16:06 يومياً.', 0, '2026-04-22 13:05:24'),
(190, 1, 'medication_reminder', 'حان موعد دوائك الآن!', 'حان الآن موعد أخذ جرعة hhh (الساعة 16:06:00). لا تتأخر!', 0, '2026-04-22 13:06:27'),
(191, 1, 'consultation_new', 'استشارة طبية جديدة', 'استشارة جديدة من ujjj', 0, '2026-04-22 13:07:32'),
(192, 4, 'consultation_new', 'استشارة طبية جديدة', 'استشارة جديدة من ujjj', 0, '2026-04-22 13:07:32'),
(193, 6, 'consultation_new', 'استشارة طبية جديدة', 'استشارة جديدة من ujjj', 0, '2026-04-22 13:07:32'),
(194, 1, 'contact_message', 'رسالة جديدة من: kamal', 'رسالة من kamal: jhjj', 0, '2026-04-22 13:09:06'),
(195, 4, 'contact_message', 'رسالة جديدة من: kamal', 'رسالة من kamal: jhjj', 0, '2026-04-22 13:09:06'),
(196, 6, 'contact_message', 'رسالة جديدة من: kamal', 'رسالة من kamal: jhjj', 0, '2026-04-22 13:09:06'),
(197, 14, 'medication_added', 'تم ضبط تنبيه دوائك', 'سيتم تذكيرك بموعد دواء jj في الساعة 16:12 يومياً.', 0, '2026-04-22 13:11:18'),
(198, 1, 'consultation_new', 'استشارة طبية جديدة', 'استشارة جديدة من kkk', 0, '2026-04-22 13:11:51'),
(199, 4, 'consultation_new', 'استشارة طبية جديدة', 'استشارة جديدة من kkk', 0, '2026-04-22 13:11:51'),
(200, 6, 'consultation_new', 'استشارة طبية جديدة', 'استشارة جديدة من kkk', 0, '2026-04-22 13:11:51'),
(201, 14, 'medication_reminder', 'حان موعد دوائك الآن!', 'حان الآن موعد أخذ جرعة jj (الساعة 16:12:00). لا تتأخر!', 0, '2026-04-22 13:12:01'),
(202, 1, 'contact_message', 'رسالة جديدة من: ahmad', 'رسالة من ahmad: bbb', 0, '2026-04-22 13:13:05'),
(203, 4, 'contact_message', 'رسالة جديدة من: ahmad', 'رسالة من ahmad: bbb', 0, '2026-04-22 13:13:05'),
(204, 6, 'contact_message', 'رسالة جديدة من: ahmad', 'رسالة من ahmad: bbb', 0, '2026-04-22 13:13:05'),
(205, 1, 'contact_message', 'رسالة جديدة من: ahmad', 'رسالة من ahmad: bbb', 0, '2026-04-22 13:13:08'),
(206, 4, 'contact_message', 'رسالة جديدة من: ahmad', 'رسالة من ahmad: bbb', 0, '2026-04-22 13:13:08'),
(207, 6, 'contact_message', 'رسالة جديدة من: ahmad', 'رسالة من ahmad: bbb', 0, '2026-04-22 13:13:08'),
(208, 14, 'order_placed', 'تم استلام طلبك بنجاح!', 'تم تسجيل طلبك رقم #ORD-1776863631. سيتم التواصل معك قريباً لتأكيد التوصيل.', 0, '2026-04-22 13:13:51'),
(209, 1, 'order_new', 'طلب جديد #ORD-1776863631', 'طلب من ahmad', 0, '2026-04-22 13:13:52'),
(210, 4, 'order_new', 'طلب جديد #ORD-1776863631', 'طلب من ahmad', 0, '2026-04-22 13:13:52'),
(211, 6, 'order_new', 'طلب جديد #ORD-1776863631', 'طلب من ahmad', 0, '2026-04-22 13:13:52'),
(212, 14, 'consultation_reply', 'رد الصيدلاني على استشارتك', 'أجاب الصيدلاني على استشارتك الطبية:\"kamalk\"', 0, '2026-04-22 13:15:12'),
(213, 4, 'medication_added', 'تم ضبط تنبيه دوائك', 'سيتم تذكيرك بموعد دواء kamal في الساعة 16:16 يومياً.', 0, '2026-04-22 13:15:51'),
(214, 4, 'medication_reminder', 'حان موعد دوائك الآن!', 'حان الآن موعد أخذ جرعة kamal (الساعة 16:16:00). لا تتأخر!', 0, '2026-04-22 13:16:06'),
(215, 4, 'medication_added', 'تم ضبط تنبيه دوائك', 'سيتم تذكيرك بموعد دواء jjj في الساعة 16:24 يومياً.', 0, '2026-04-22 13:23:41'),
(216, 4, 'medication_reminder', 'حان موعد دوائك الآن!', 'حان الآن موعد أخذ جرعة jjj (الساعة 16:24:00). لا تتأخر!', 0, '2026-04-22 13:24:14'),
(217, 4, 'medication_reminder', 'حان موعد دوائك الآن!', 'حان الآن موعد أخذ جرعة jjj (الساعة 16:29:00). لا تتأخر!', 0, '2026-04-22 13:29:26'),
(218, 14, 'medication_added', 'تم ضبط تنبيه دوائك', 'سيتم تذكيرك بموعد دواء 12 في الساعة 16:38 يومياً.', 0, '2026-04-22 13:37:44'),
(219, 14, 'medication_reminder', 'حان موعد دوائك الآن!', 'حان الآن موعد أخذ جرعة 12 (الساعة 16:38:00). لا تتأخر!', 0, '2026-04-22 13:38:07'),
(220, 14, 'medication_reminder', 'حان موعد دوائك الآن!', 'حان الآن موعد أخذ جرعة 12 (الساعة 16:40:00). لا تتأخر!', 0, '2026-04-22 13:40:01'),
(221, 1, 'consultation_new', 'استشارة طبية جديدة', 'استشارة جديدة من kkk', 0, '2026-04-22 13:40:35'),
(222, 4, 'consultation_new', 'استشارة طبية جديدة', 'استشارة جديدة من kkk', 0, '2026-04-22 13:40:35'),
(223, 6, 'consultation_new', 'استشارة طبية جديدة', 'استشارة جديدة من kkk', 0, '2026-04-22 13:40:35'),
(224, 1, 'contact_message', 'رسالة جديدة من: ahmad', 'رسالة من ahmad: jjj', 0, '2026-04-22 13:41:43'),
(225, 4, 'contact_message', 'رسالة جديدة من: ahmad', 'رسالة من ahmad: jjj', 0, '2026-04-22 13:41:44'),
(226, 6, 'contact_message', 'رسالة جديدة من: ahmad', 'رسالة من ahmad: jjj', 0, '2026-04-22 13:41:44'),
(227, 14, 'order_placed', 'تم استلام طلبك بنجاح!', 'تم تسجيل طلبك رقم #ORD-1776865336. سيتم التواصل معك قريباً لتأكيد التوصيل.', 0, '2026-04-22 13:42:16'),
(228, 1, 'order_new', 'طلب جديد #ORD-1776865336', 'طلب من ahmad', 0, '2026-04-22 13:42:17'),
(229, 4, 'order_new', 'طلب جديد #ORD-1776865336', 'طلب من ahmad', 0, '2026-04-22 13:42:17'),
(230, 6, 'order_new', 'طلب جديد #ORD-1776865336', 'طلب من ahmad', 0, '2026-04-22 13:42:17'),
(231, 14, 'consultation_reply', 'رد الصيدلاني على استشارتك', 'أجاب الصيدلاني على استشارتك الطبية:\"12345\"', 0, '2026-04-22 13:45:12'),
(232, 16, 'medication_added', 'تم ضبط تنبيه دوائك', 'سيتم تذكيرك بموعد دواء hh في الساعة 12:12 يومياً.', 0, '2026-04-23 09:11:56'),
(233, 16, 'medication_reminder', 'حان موعد دوائك الآن!', 'حان الآن موعد أخذ جرعة hh (الساعة 12:12:00). لا تتأخر!', 0, '2026-04-23 09:12:16'),
(234, 16, 'medication_added', 'تم ضبط تنبيه دوائك', 'سيتم تذكيرك بموعد دواء jjj في الساعة 12:15 يومياً.', 0, '2026-04-23 09:14:08'),
(235, 16, 'medication_reminder', 'حان موعد دوائك الآن!', 'حان الآن موعد أخذ جرعة jjj (الساعة 12:15:00). لا تتأخر!', 0, '2026-04-23 09:15:00'),
(236, 16, 'medication_added', 'تم ضبط تنبيه دوائك', 'سيتم تذكيرك بموعد دواء wd في الساعة 12:21 يومياً.', 0, '2026-04-23 09:20:21'),
(237, 1, 'consultation_new', 'استشارة طبية جديدة', 'استشارة جديدة من hfhf', 0, '2026-04-23 09:20:50'),
(238, 4, 'consultation_new', 'استشارة طبية جديدة', 'استشارة جديدة من hfhf', 0, '2026-04-23 09:20:50'),
(239, 6, 'consultation_new', 'استشارة طبية جديدة', 'استشارة جديدة من hfhf', 0, '2026-04-23 09:20:50'),
(240, 15, 'consultation_new', 'استشارة طبية جديدة', 'استشارة جديدة من hfhf', 0, '2026-04-23 09:20:50'),
(241, 16, 'medication_reminder', 'حان موعد دوائك الآن!', 'حان الآن موعد أخذ جرعة wd (الساعة 12:21:00). لا تتأخر!', 0, '2026-04-23 09:21:04'),
(242, 16, 'order_placed', 'تم استلام طلبك بنجاح!', 'تم تسجيل طلبك رقم #ORD-1776936073. سيتم التواصل معك قريباً لتأكيد التوصيل.', 0, '2026-04-23 09:21:13'),
(243, 1, 'order_new', 'طلب جديد #ORD-1776936073', 'طلب من khaled', 0, '2026-04-23 09:21:15'),
(244, 4, 'order_new', 'طلب جديد #ORD-1776936073', 'طلب من khaled', 0, '2026-04-23 09:21:15'),
(245, 6, 'order_new', 'طلب جديد #ORD-1776936073', 'طلب من khaled', 0, '2026-04-23 09:21:15'),
(246, 15, 'order_new', 'طلب جديد #ORD-1776936073', 'طلب من khaled', 0, '2026-04-23 09:21:15'),
(247, 16, 'order_shipped', 'تم شحن طلبك!', 'يسرنا إخبارك أن طلبك رقم #ORD-1776936073 تم شحنه وهو في طريقه إليك الآن!', 0, '2026-04-23 09:22:56'),
(248, 16, 'order_shipped', 'تم شحن طلبك!', 'يسرنا إخبارك أن طلبك رقم #ORD-1776936073 تم شحنه وهو في طريقه إليك الآن!', 0, '2026-04-23 09:23:25'),
(249, 16, 'consultation_reply', 'رد الصيدلاني على استشارتك', 'أجاب الصيدلاني على استشارتك الطبية:\"hhhhh\"', 0, '2026-04-23 09:23:49'),
(250, 16, 'consultation_reply', 'رد الصيدلاني على استشارتك', 'أجاب الصيدلاني على استشارتك الطبية:\"jjjjj\"', 0, '2026-04-23 09:24:43'),
(251, 16, 'consultation_reply', 'رد الصيدلاني على استشارتك', 'أجاب الصيدلاني على استشارتك الطبية:\"jjjjj\"', 0, '2026-04-23 09:24:50'),
(252, 16, 'medication_added', 'تم ضبط تنبيه دوائك', 'سيتم تذكيرك بموعد دواء hh في الساعة 12:26 يومياً.', 0, '2026-04-23 09:25:27'),
(253, 16, 'medication_reminder', 'حان موعد دوائك الآن!', 'حان الآن موعد أخذ جرعة hh (الساعة 12:26:00). لا تتأخر!', 0, '2026-04-23 09:26:06'),
(254, 5, 'order_placed', 'تم استلام طلبك بنجاح!', 'تم تسجيل طلبك رقم #ORD-1776941763. سيتم التواصل معك قريباً لتأكيد التوصيل.', 0, '2026-04-23 10:56:03'),
(255, 1, 'order_new', 'طلب جديد #ORD-1776941763', 'طلب من wassk', 0, '2026-04-23 10:56:06'),
(256, 4, 'order_new', 'طلب جديد #ORD-1776941763', 'طلب من wassk', 0, '2026-04-23 10:56:06'),
(257, 6, 'order_new', 'طلب جديد #ORD-1776941763', 'طلب من wassk', 0, '2026-04-23 10:56:06'),
(258, 15, 'order_new', 'طلب جديد #ORD-1776941763', 'طلب من wassk', 0, '2026-04-23 10:56:06'),
(259, 8, 'medication_added', 'تم ضبط تنبيه دوائك', 'سيتم تذكيرك بموعد دواء kk في الساعة 18:16 يومياً.', 0, '2026-04-23 15:15:06'),
(260, 8, 'medication_reminder', 'حان موعد دوائك الآن!', 'حان الآن موعد أخذ جرعة kk (الساعة 18:16:00). لا تتأخر!', 0, '2026-04-23 15:16:05'),
(261, 1, 'consultation_new', 'استشارة طبية جديدة', 'استشارة جديدة من mjj', 0, '2026-04-23 15:16:45'),
(262, 4, 'consultation_new', 'استشارة طبية جديدة', 'استشارة جديدة من mjj', 0, '2026-04-23 15:16:45'),
(263, 6, 'consultation_new', 'استشارة طبية جديدة', 'استشارة جديدة من mjj', 0, '2026-04-23 15:16:45'),
(264, 15, 'consultation_new', 'استشارة طبية جديدة', 'استشارة جديدة من mjj', 0, '2026-04-23 15:16:45'),
(265, 8, 'order_placed', 'تم استلام طلبك بنجاح!', 'تم تسجيل طلبك رقم #ORD-1776957737. سيتم التواصل معك قريباً لتأكيد التوصيل.', 0, '2026-04-23 15:22:17'),
(266, 1, 'order_new', 'طلب جديد #ORD-1776957737', 'طلب من kamal', 0, '2026-04-23 15:22:28'),
(267, 4, 'order_new', 'طلب جديد #ORD-1776957737', 'طلب من kamal', 0, '2026-04-23 15:22:28'),
(268, 6, 'order_new', 'طلب جديد #ORD-1776957737', 'طلب من kamal', 0, '2026-04-23 15:22:28'),
(269, 15, 'order_new', 'طلب جديد #ORD-1776957737', 'طلب من kamal', 0, '2026-04-23 15:22:28'),
(270, 8, 'consultation_reply', 'رد الصيدلاني على استشارتك', 'أجاب الصيدلاني على استشارتك الطبية:\"jgjgj\"', 0, '2026-04-23 15:24:25'),
(271, 8, 'order_placed', 'تم استلام طلبك بنجاح!', 'تم تسجيل طلبك رقم #ORD-1777098968. سيتم التواصل معك قريباً لتأكيد التوصيل.', 0, '2026-04-25 06:36:08'),
(272, 1, 'order_new', 'طلب جديد #ORD-1777098968', 'طلب من kamal', 0, '2026-04-25 06:36:31'),
(273, 4, 'order_new', 'طلب جديد #ORD-1777098968', 'طلب من kamal', 0, '2026-04-25 06:36:31'),
(274, 6, 'order_new', 'طلب جديد #ORD-1777098968', 'طلب من kamal', 0, '2026-04-25 06:36:31'),
(275, 15, 'order_new', 'طلب جديد #ORD-1777098968', 'طلب من kamal', 0, '2026-04-25 06:36:31'),
(276, 8, 'medication_added', 'تم ضبط تنبيه دوائك', 'سيتم تذكيرك بموعد دواء ka,al في الساعة 09:40 يومياً.', 0, '2026-04-25 06:39:13'),
(277, 8, 'medication_reminder', 'حان موعد دوائك الآن!', 'حان الآن موعد أخذ جرعة ka,al (الساعة 09:40:00). لا تتأخر!', 0, '2026-04-25 06:40:01'),
(278, 1, 'consultation_new', 'استشارة طبية جديدة', 'استشارة جديدة من hamze', 0, '2026-04-25 06:42:51'),
(279, 4, 'consultation_new', 'استشارة طبية جديدة', 'استشارة جديدة من hamze', 0, '2026-04-25 06:42:51'),
(280, 6, 'consultation_new', 'استشارة طبية جديدة', 'استشارة جديدة من hamze', 0, '2026-04-25 06:42:51'),
(281, 15, 'consultation_new', 'استشارة طبية جديدة', 'استشارة جديدة من hamze', 0, '2026-04-25 06:42:51'),
(282, 1, 'consultation_new', 'استشارة طبية جديدة', 'استشارة جديدة من hamze', 0, '2026-04-25 06:43:10'),
(283, 4, 'consultation_new', 'استشارة طبية جديدة', 'استشارة جديدة من hamze', 0, '2026-04-25 06:43:10'),
(284, 6, 'consultation_new', 'استشارة طبية جديدة', 'استشارة جديدة من hamze', 0, '2026-04-25 06:43:10'),
(285, 15, 'consultation_new', 'استشارة طبية جديدة', 'استشارة جديدة من hamze', 0, '2026-04-25 06:43:10'),
(286, 8, 'consultation_reply', 'رد الصيدلاني على استشارتك', 'أجاب الصيدلاني على استشارتك الطبية:\"kamal\"', 0, '2026-04-25 06:51:46'),
(287, 8, 'order_placed', 'تم استلام طلبك بنجاح!', 'تم تسجيل طلبك رقم #ORD-1777133412. سيتم التواصل معك قريباً لتأكيد التوصيل.', 0, '2026-04-25 16:10:12'),
(288, 1, 'order_new', 'طلب جديد #ORD-1777133412', 'طلب من kamal', 0, '2026-04-25 16:10:13'),
(289, 4, 'order_new', 'طلب جديد #ORD-1777133412', 'طلب من kamal', 0, '2026-04-25 16:10:13'),
(290, 6, 'order_new', 'طلب جديد #ORD-1777133412', 'طلب من kamal', 0, '2026-04-25 16:10:13'),
(291, 15, 'order_new', 'طلب جديد #ORD-1777133412', 'طلب من kamal', 0, '2026-04-25 16:10:13'),
(292, 16, 'order_new', 'طلب جديد #ORD-1777133412', 'طلب من kamal', 0, '2026-04-25 16:10:13'),
(293, 3, 'order_placed', 'تم استلام طلبك بنجاح!', 'تم تسجيل طلبك رقم #ORD-1777672672. سيتم التواصل معك قريباً لتأكيد التوصيل.', 1, '2026-05-01 21:57:52'),
(294, 1, 'order_new', 'طلب جديد #ORD-1777672672', 'طلب من AYSHA', 0, '2026-05-01 21:57:54'),
(295, 4, 'order_new', 'طلب جديد #ORD-1777672672', 'طلب من AYSHA', 0, '2026-05-01 21:57:54'),
(296, 6, 'order_new', 'طلب جديد #ORD-1777672672', 'طلب من AYSHA', 0, '2026-05-01 21:57:54'),
(297, 15, 'order_new', 'طلب جديد #ORD-1777672672', 'طلب من AYSHA', 0, '2026-05-01 21:57:54'),
(298, 16, 'order_new', 'طلب جديد #ORD-1777672672', 'طلب من AYSHA', 0, '2026-05-01 21:57:54'),
(299, 17, 'order_placed', 'تم استلام طلبك بنجاح!', 'تم تسجيل طلبك رقم #ORD-1777703955. سيتم التواصل معك قريباً لتأكيد التوصيل.', 0, '2026-05-02 06:39:15'),
(300, 1, 'order_new', 'طلب جديد #ORD-1777703955', 'طلب من layla', 0, '2026-05-02 06:39:17'),
(301, 4, 'order_new', 'طلب جديد #ORD-1777703955', 'طلب من layla', 0, '2026-05-02 06:39:17'),
(302, 6, 'order_new', 'طلب جديد #ORD-1777703955', 'طلب من layla', 0, '2026-05-02 06:39:17'),
(303, 15, 'order_new', 'طلب جديد #ORD-1777703955', 'طلب من layla', 0, '2026-05-02 06:39:17'),
(304, 16, 'order_new', 'طلب جديد #ORD-1777703955', 'طلب من layla', 0, '2026-05-02 06:39:17'),
(305, 8, 'consultation_reply', 'رد الصيدلاني على استشارتك', 'أجاب الصيدلاني على استشارتك الطبية:\"lakskk\"', 0, '2026-05-22 11:31:04'),
(306, 8, 'order_shipped', 'تم شحن طلبك!', 'يسرنا إخبارك أن طلبك رقم #ORD-1777133412 تم شحنه وهو في طريقه إليك الآن!', 0, '2026-05-22 11:31:42'),
(307, 8, 'medication_added', 'تم ضبط تنبيه دوائك', 'سيتم تذكيرك بموعد دواء ii في الساعة 14:35 يومياً.', 0, '2026-05-22 11:34:17'),
(308, 8, 'medication_reminder', 'حان موعد دوائك الآن!', 'حان الآن موعد أخذ جرعة ii (الساعة 14:35:00). لا تتأخر!', 0, '2026-05-22 11:35:01'),
(309, 1, 'consultation_new', 'استشارة طبية جديدة', 'استشارة جديدة من uiiu', 0, '2026-05-22 12:06:58'),
(310, 4, 'consultation_new', 'استشارة طبية جديدة', 'استشارة جديدة من uiiu', 0, '2026-05-22 12:06:58'),
(311, 6, 'consultation_new', 'استشارة طبية جديدة', 'استشارة جديدة من uiiu', 0, '2026-05-22 12:06:58'),
(312, 15, 'consultation_new', 'استشارة طبية جديدة', 'استشارة جديدة من uiiu', 0, '2026-05-22 12:06:58'),
(313, 1, 'consultation_new', 'استشارة طبية جديدة', 'استشارة جديدة من uiiu', 0, '2026-05-22 12:07:10'),
(314, 4, 'consultation_new', 'استشارة طبية جديدة', 'استشارة جديدة من uiiu', 0, '2026-05-22 12:07:10'),
(315, 6, 'consultation_new', 'استشارة طبية جديدة', 'استشارة جديدة من uiiu', 0, '2026-05-22 12:07:10'),
(316, 15, 'consultation_new', 'استشارة طبية جديدة', 'استشارة جديدة من uiiu', 0, '2026-05-22 12:07:10'),
(317, 1, 'consultation_new', 'استشارة طبية جديدة', 'استشارة جديدة من kamal', 0, '2026-05-22 12:11:31'),
(318, 4, 'consultation_new', 'استشارة طبية جديدة', 'استشارة جديدة من kamal', 0, '2026-05-22 12:11:31'),
(319, 6, 'consultation_new', 'استشارة طبية جديدة', 'استشارة جديدة من kamal', 0, '2026-05-22 12:11:31'),
(320, 15, 'consultation_new', 'استشارة طبية جديدة', 'استشارة جديدة من kamal', 0, '2026-05-22 12:11:31'),
(321, 8, 'medication_added', 'تم ضبط تنبيه دوائك', 'سيتم تذكيرك بموعد دواء 12 في الساعة 15:16 يومياً.', 0, '2026-05-22 12:15:53'),
(322, 8, 'medication_reminder', 'حان موعد دوائك الآن!', 'حان الآن موعد أخذ جرعة 12 (الساعة 15:16:00). لا تتأخر!', 0, '2026-05-22 12:16:09'),
(323, 8, 'medication_added', 'تم ضبط تنبيه دوائك', 'سيتم تذكيرك بموعد دواء tgg في الساعة 15:23 يومياً.', 0, '2026-05-22 12:22:09'),
(324, 8, 'medication_reminder', 'حان موعد دوائك الآن!', 'حان الآن موعد أخذ جرعة tgg (الساعة 15:23:00). لا تتأخر!', 0, '2026-05-22 12:23:01'),
(325, 1, 'consultation_new', 'استشارة طبية جديدة', 'استشارة جديدة من kamala', 0, '2026-05-22 12:25:10'),
(326, 4, 'consultation_new', 'استشارة طبية جديدة', 'استشارة جديدة من kamala', 0, '2026-05-22 12:25:10'),
(327, 6, 'consultation_new', 'استشارة طبية جديدة', 'استشارة جديدة من kamala', 0, '2026-05-22 12:25:10'),
(328, 15, 'consultation_new', 'استشارة طبية جديدة', 'استشارة جديدة من kamala', 0, '2026-05-22 12:25:10'),
(329, 8, 'order_placed', 'تم استلام طلبك بنجاح!', 'تم تسجيل طلبك رقم #ORD-1779452816. سيتم التواصل معك قريباً لتأكيد التوصيل.', 0, '2026-05-22 12:26:56'),
(330, 1, 'order_new', 'طلب جديد #ORD-1779452816', 'طلب من kamal', 0, '2026-05-22 12:26:59'),
(331, 4, 'order_new', 'طلب جديد #ORD-1779452816', 'طلب من kamal', 0, '2026-05-22 12:26:59'),
(332, 6, 'order_new', 'طلب جديد #ORD-1779452816', 'طلب من kamal', 0, '2026-05-22 12:26:59'),
(333, 15, 'order_new', 'طلب جديد #ORD-1779452816', 'طلب من kamal', 0, '2026-05-22 12:26:59'),
(334, 8, 'order_shipped', 'تم شحن طلبك!', 'يسرنا إخبارك أن طلبك رقم #ORD-1779452816 تم شحنه وهو في طريقه إليك الآن!', 0, '2026-05-22 12:29:03'),
(335, 8, 'consultation_reply', 'رد الصيدلاني على استشارتك', 'أجاب الصيدلاني على استشارتك الطبية:\"iiii\"', 0, '2026-05-22 12:29:18'),
(336, 8, 'order_placed', 'تم استلام طلبك بنجاح!', 'تم تسجيل طلبك رقم #ORD-1780251108. سيتم التواصل معك قريباً لتأكيد التوصيل.', 0, '2026-05-31 18:11:48'),
(337, 1, 'order_new', 'طلب جديد #ORD-1780251108', 'طلب من kamal', 0, '2026-05-31 18:11:48'),
(338, 4, 'order_new', 'طلب جديد #ORD-1780251108', 'طلب من kamal', 0, '2026-05-31 18:11:48'),
(339, 6, 'order_new', 'طلب جديد #ORD-1780251108', 'طلب من kamal', 0, '2026-05-31 18:11:48'),
(340, 15, 'order_new', 'طلب جديد #ORD-1780251108', 'طلب من kamal', 0, '2026-05-31 18:11:48'),
(341, 8, 'medication_added', 'تم ضبط تنبيه دوائك', 'سيتم تذكيرك بموعد دواء pana في الساعة 19:34 يومياً.', 0, '2026-06-02 16:33:31'),
(342, 8, 'medication_reminder', 'حان موعد دوائك الآن!', 'حان الآن موعد أخذ جرعة pana (الساعة 19:34:00). لا تتأخر!', 0, '2026-06-02 16:34:05'),
(343, 1, 'consultation_new', 'استشارة طبية جديدة', 'استشارة جديدة من kamal', 0, '2026-06-02 16:34:52'),
(344, 4, 'consultation_new', 'استشارة طبية جديدة', 'استشارة جديدة من kamal', 0, '2026-06-02 16:34:52'),
(345, 6, 'consultation_new', 'استشارة طبية جديدة', 'استشارة جديدة من kamal', 0, '2026-06-02 16:34:52'),
(346, 15, 'consultation_new', 'استشارة طبية جديدة', 'استشارة جديدة من kamal', 0, '2026-06-02 16:34:52'),
(347, 1, 'contact_message', 'رسالة جديدة من: kamalksdd', 'رسالة من kamalksdd: ssss', 0, '2026-06-02 16:35:42'),
(348, 4, 'contact_message', 'رسالة جديدة من: kamalksdd', 'رسالة من kamalksdd: ssss', 0, '2026-06-02 16:35:42'),
(349, 6, 'contact_message', 'رسالة جديدة من: kamalksdd', 'رسالة من kamalksdd: ssss', 0, '2026-06-02 16:35:42'),
(350, 15, 'contact_message', 'رسالة جديدة من: kamalksdd', 'رسالة من kamalksdd: ssss', 0, '2026-06-02 16:35:42'),
(351, 8, 'order_placed', 'تم استلام طلبك بنجاح!', 'تم تسجيل طلبك رقم #ORD-1780418639. سيتم التواصل معك قريباً لتأكيد التوصيل.', 0, '2026-06-02 16:43:59'),
(352, 1, 'order_new', 'طلب جديد #ORD-1780418639', 'طلب من kamal', 0, '2026-06-02 16:44:01'),
(353, 4, 'order_new', 'طلب جديد #ORD-1780418639', 'طلب من kamal', 0, '2026-06-02 16:44:01'),
(354, 6, 'order_new', 'طلب جديد #ORD-1780418639', 'طلب من kamal', 0, '2026-06-02 16:44:01'),
(355, 15, 'order_new', 'طلب جديد #ORD-1780418639', 'طلب من kamal', 0, '2026-06-02 16:44:01'),
(356, 8, 'order_placed', 'تم استلام طلبك بنجاح!', 'تم تسجيل طلبك رقم #ORD-1780418910. سيتم التواصل معك قريباً لتأكيد التوصيل.', 0, '2026-06-02 16:48:30'),
(357, 1, 'order_new', 'طلب جديد #ORD-1780418910', 'طلب من kamal', 0, '2026-06-02 16:48:32'),
(358, 4, 'order_new', 'طلب جديد #ORD-1780418910', 'طلب من kamal', 0, '2026-06-02 16:48:32'),
(359, 6, 'order_new', 'طلب جديد #ORD-1780418910', 'طلب من kamal', 0, '2026-06-02 16:48:32'),
(360, 15, 'order_new', 'طلب جديد #ORD-1780418910', 'طلب من kamal', 0, '2026-06-02 16:48:32'),
(361, 8, 'order_placed', 'تم استلام طلبك بنجاح!', 'تم تسجيل طلبك رقم #ORD-1780418938. سيتم التواصل معك قريباً لتأكيد التوصيل.', 0, '2026-06-02 16:48:58'),
(362, 1, 'order_new', 'طلب جديد #ORD-1780418938', 'طلب من kamal', 0, '2026-06-02 16:49:00'),
(363, 4, 'order_new', 'طلب جديد #ORD-1780418938', 'طلب من kamal', 0, '2026-06-02 16:49:00'),
(364, 6, 'order_new', 'طلب جديد #ORD-1780418938', 'طلب من kamal', 0, '2026-06-02 16:49:00'),
(365, 15, 'order_new', 'طلب جديد #ORD-1780418938', 'طلب من kamal', 0, '2026-06-02 16:49:00'),
(366, 8, 'order_placed', 'تم استلام طلبك بنجاح!', 'تم تسجيل طلبك رقم #ORD-1780419186. سيتم التواصل معك قريباً لتأكيد التوصيل.', 0, '2026-06-02 16:53:06'),
(367, 1, 'order_new', 'طلب جديد #ORD-1780419186', 'طلب من kamal', 0, '2026-06-02 16:53:09'),
(368, 4, 'order_new', 'طلب جديد #ORD-1780419186', 'طلب من kamal', 0, '2026-06-02 16:53:09'),
(369, 6, 'order_new', 'طلب جديد #ORD-1780419186', 'طلب من kamal', 0, '2026-06-02 16:53:09'),
(370, 15, 'order_new', 'طلب جديد #ORD-1780419186', 'طلب من kamal', 0, '2026-06-02 16:53:09'),
(371, 8, 'order_shipped', 'تم شحن طلبك!', 'يسرنا إخبارك أن طلبك رقم #ORD-1780419186 تم شحنه وهو في طريقه إليك الآن!', 0, '2026-06-02 16:54:27'),
(372, 8, 'consultation_reply', 'رد الصيدلاني على استشارتك', 'أجاب الصيدلاني على استشارتك الطبية:\"kamal\"', 0, '2026-06-02 16:54:49'),
(373, 8, 'medication_added', 'تم ضبط تنبيه دوائك', 'سيتم تذكيرك بموعد دواء panadoo في الساعة 11:19 يومياً.', 0, '2026-06-04 08:18:15'),
(374, 8, 'medication_reminder', 'حان موعد دوائك الآن!', 'حان الآن موعد أخذ جرعة panadoo (الساعة 11:19:00). لا تتأخر!', 0, '2026-06-04 08:19:06'),
(375, 1, 'consultation_new', 'استشارة طبية جديدة', 'استشارة جديدة من kamal', 0, '2026-06-04 08:22:48'),
(376, 4, 'consultation_new', 'استشارة طبية جديدة', 'استشارة جديدة من kamal', 0, '2026-06-04 08:22:48'),
(377, 6, 'consultation_new', 'استشارة طبية جديدة', 'استشارة جديدة من kamal', 0, '2026-06-04 08:22:48'),
(378, 15, 'consultation_new', 'استشارة طبية جديدة', 'استشارة جديدة من kamal', 0, '2026-06-04 08:22:48'),
(379, 8, 'consultation_reply', 'رد الصيدلاني على استشارتك', 'أجاب الصيدلاني على استشارتك الطبية:\"mawjod kamyee\"', 0, '2026-06-04 08:26:00'),
(380, 8, 'order_placed', 'تم استلام طلبك بنجاح!', 'تم تسجيل طلبك رقم #ORD-1780561679. سيتم التواصل معك قريباً لتأكيد التوصيل.', 0, '2026-06-04 08:27:59'),
(381, 1, 'order_new', 'طلب جديد #ORD-1780561679', 'طلب من kamal', 0, '2026-06-04 08:28:01'),
(382, 4, 'order_new', 'طلب جديد #ORD-1780561679', 'طلب من kamal', 0, '2026-06-04 08:28:01'),
(383, 6, 'order_new', 'طلب جديد #ORD-1780561679', 'طلب من kamal', 0, '2026-06-04 08:28:01'),
(384, 15, 'order_new', 'طلب جديد #ORD-1780561679', 'طلب من kamal', 0, '2026-06-04 08:28:01'),
(385, 8, 'medication_reminder', 'حان موعد دوائك الآن!', 'حان الآن موعد أخذ جرعة tgg (الساعة 15:23:00). لا تتأخر!', 0, '2026-06-04 12:23:08');

-- --------------------------------------------------------

--
-- Table structure for table `orders`
--

CREATE TABLE `orders` (
  `order_id` int(11) NOT NULL,
  `order_group_id` varchar(50) DEFAULT NULL,
  `user_id` int(11) NOT NULL,
  `phone` varchar(20) NOT NULL,
  `address` text NOT NULL,
  `product_id` int(11) NOT NULL,
  `quantity` int(11) NOT NULL DEFAULT 1,
  `Order_total` decimal(10,2) NOT NULL,
  `order_status` varchar(50) DEFAULT 'Pending',
  `order_date` timestamp NOT NULL DEFAULT current_timestamp()
) ENGINE=InnoDB DEFAULT CHARSET=utf8mb4 COLLATE=utf8mb4_general_ci;

--
-- Dumping data for table `orders`
--

INSERT INTO `orders` (`order_id`, `order_group_id`, `user_id`, `phone`, `address`, `product_id`, `quantity`, `Order_total`, `order_status`, `order_date`) VALUES
(1, NULL, 4, '', '', 3, 1, 15.00, 'Shipped', '2026-04-16 19:47:41'),
(2, NULL, 4, '', '', 5, 1, 3.00, 'Pending', '2026-04-16 19:47:41'),
(3, NULL, 4, '', '', 4, 1, 12.00, 'Pending', '2026-04-16 19:47:41'),
(4, NULL, 4, '', '', 5, 1, 3.00, 'Pending', '2026-04-16 20:04:21'),
(5, NULL, 4, '', '', 4, 1, 12.00, 'Shipped', '2026-04-16 20:08:24'),
(6, NULL, 5, '00945566', 'uytffddd1', 5, 1, 3.00, 'Shipped', '2026-04-16 21:46:15'),
(7, NULL, 5, '00945566', 'uytffddd1', 5, 1, 3.00, 'Shipped', '2026-04-16 21:51:32'),
(8, NULL, 1, '', '', 4, 1, 12.00, 'Shipped', '2026-04-18 05:51:22'),
(9, NULL, 5, '00945566', 'uytffddd1', 2, 1, 12.00, 'Pending', '2026-04-18 05:54:28'),
(10, NULL, 7, '70340715', 'tripoli', 4, 1, 12.00, 'Shipped', '2026-04-18 06:32:55'),
(11, 'ORD-1776500133', 1, '', '', 4, 1, 12.00, 'Pending', '2026-04-18 08:15:33'),
(12, 'ORD-1776500133', 1, '', '', 3, 1, 15.00, 'Pending', '2026-04-18 08:15:33'),
(13, 'ORD-1776500133', 1, '', '', 2, 1, 12.00, 'Pending', '2026-04-18 08:15:33'),
(14, 'ORD-1776500683', 1, '', '', 4, 3, 36.00, 'Shipped', '2026-04-18 08:24:43'),
(15, 'ORD-1776500683', 1, '', '', 5, 2, 6.00, 'Pending', '2026-04-18 08:24:43'),
(16, 'ORD-1776500884', 1, '', '', 4, 1, 12.00, 'Shipped', '2026-04-18 08:28:04'),
(17, 'ORD-1776500884', 1, '', '', 3, 1, 15.00, 'Pending', '2026-04-18 08:28:04'),
(18, 'ORD-1776501361', 5, '00945566', 'uytffddd1', 4, 1, 12.00, 'Pending', '2026-04-18 08:36:01'),
(19, 'ORD-1776504930', 1, '', '', 4, 1, 12.00, 'Shipped', '2026-04-18 09:35:30'),
(20, 'ORD-1776504930', 1, '', '', 3, 1, 15.00, 'Pending', '2026-04-18 09:35:30'),
(21, 'ORD-1776505451', 1, '', '', 4, 1, 12.00, 'Shipped', '2026-04-18 09:44:11'),
(22, 'ORD-1776505451', 1, '', '', 3, 1, 15.00, 'Pending', '2026-04-18 09:44:11'),
(23, 'ORD-1776505451', 1, '', '', 2, 1, 12.00, 'Shipped', '2026-04-18 09:44:11'),
(24, 'ORD-1776505661', 1, '', '', 2, 1, 12.00, 'Pending', '2026-04-18 09:47:41'),
(25, 'ORD-1776505661', 1, '', '', 3, 2, 30.00, 'Pending', '2026-04-18 09:47:41'),
(26, 'ORD-1776505661', 1, '', '', 4, 1, 12.00, 'Pending', '2026-04-18 09:47:41'),
(27, 'ORD-1776507237', 5, '00945566', 'uytffddd1', 2, 1, 12.00, 'Pending', '2026-04-18 10:13:57'),
(28, 'ORD-1776519756', 1, '', '', 14, 2, 24.00, 'Shipped', '2026-04-18 13:42:36'),
(29, 'ORD-1776519756', 1, '', '', 15, 1, 12.00, 'Shipped', '2026-04-18 13:42:36'),
(30, 'ORD-1776521808', 1, '', '', 19, 1, 10.00, 'Shipped', '2026-04-18 14:16:48'),
(31, 'ORD-1776531619', 1, '', '', 18, 1, 10.00, 'Pending', '2026-04-18 17:00:19'),
(32, 'ORD-1776531619', 1, '', '', 17, 1, 35.00, 'Pending', '2026-04-18 17:00:19'),
(33, 'ORD-1776531619', 1, '', '', 16, 1, 30.00, 'Pending', '2026-04-18 17:00:19'),
(34, 'ORD-1776531619', 1, '', '', 14, 1, 12.00, 'Pending', '2026-04-18 17:00:19'),
(35, 'ORD-1776540177', 1, '', '', 17, 1, 35.00, 'Pending', '2026-04-18 19:22:57'),
(36, 'ORD-1776540177', 1, '', '', 18, 1, 10.00, 'Pending', '2026-04-18 19:22:57'),
(38, 'ORD-1776540226', 9, '96170340715', 'dfff', 16, 1, 30.00, 'Pending', '2026-04-18 19:23:46'),
(39, 'ORD-1776542706', 4, '', '', 17, 1, 35.00, 'Pending', '2026-04-18 20:05:06'),
(40, 'ORD-1776542706', 4, '', '', 18, 1, 10.00, 'Pending', '2026-04-18 20:05:06'),
(41, 'ORD-1776544313', 9, '96170340715', 'dfff', 8, 1, 5.00, 'Pending', '2026-04-18 20:31:53'),
(42, 'ORD-1776544313', 9, '96170340715', 'dfff', 19, 1, 10.00, 'Pending', '2026-04-18 20:31:53'),
(43, 'ORD-1776544522', 9, '96170340715', 'dfff', 17, 1, 35.00, 'Pending', '2026-04-18 20:35:22'),
(44, 'ORD-1776544522', 9, '96170340715', 'dfff', 16, 1, 30.00, 'Pending', '2026-04-18 20:35:22'),
(46, 'ORD-1776544576', 9, '96170340715', 'dfff', 18, 1, 10.00, 'Pending', '2026-04-18 20:36:16'),
(47, 'ORD-1776625178', 10, '81234512', 'tripoli', 20, 1, 22.00, 'Pending', '2026-04-19 18:59:38'),
(48, 'ORD-1776625178', 10, '81234512', 'tripoli', 18, 1, 10.00, 'Pending', '2026-04-19 18:59:38'),
(49, 'ORD-1776625178', 10, '81234512', 'tripoli', 17, 2, 70.00, 'Pending', '2026-04-19 18:59:38'),
(50, 'ORD-1776627744', 11, '81234567', 'tripoli', 6, 1, 10.00, 'Shipped', '2026-04-19 19:42:24'),
(51, 'ORD-1776627744', 11, '81234567', 'tripoli', 7, 1, 16.00, 'Pending', '2026-04-19 19:42:24'),
(52, 'ORD-1776628069', 6, '81269219', 'al ebbeh', 17, 1, 35.00, 'Shipped', '2026-04-19 19:47:49'),
(53, 'ORD-1776630262', 12, '24857955', 'tripoli', 6, 1, 10.00, 'Shipped', '2026-04-19 20:24:22'),
(54, 'ORD-1776630262', 12, '24857955', 'tripoli', 7, 1, 16.00, 'Pending', '2026-04-19 20:24:22'),
(55, 'ORD-1776630262', 12, '24857955', 'tripoli', 8, 1, 5.00, 'Pending', '2026-04-19 20:24:22'),
(56, 'ORD-1776630262', 12, '24857955', 'tripoli', 20, 1, 22.00, 'Pending', '2026-04-19 20:24:22'),
(57, 'ORD-1776630262', 12, '24857955', 'tripoli', 18, 1, 10.00, 'Pending', '2026-04-19 20:24:22'),
(58, 'ORD-1776863631', 14, '96170340715', 'tripoli', 20, 1, 22.00, 'Pending', '2026-04-22 13:13:51'),
(59, 'ORD-1776863631', 14, '96170340715', 'tripoli', 18, 1, 10.00, 'Pending', '2026-04-22 13:13:51'),
(60, 'ORD-1776863631', 14, '96170340715', 'tripoli', 17, 1, 35.00, 'Pending', '2026-04-22 13:13:51'),
(61, 'ORD-1776863631', 14, '96170340715', 'tripoli', 16, 1, 30.00, 'Pending', '2026-04-22 13:13:51'),
(62, 'ORD-1776865336', 14, '96170340715', 'tripoli', 20, 1, 22.00, 'Pending', '2026-04-22 13:42:16'),
(63, 'ORD-1776865336', 14, '96170340715', 'tripoli', 18, 1, 10.00, 'Pending', '2026-04-22 13:42:16'),
(64, 'ORD-1776865336', 14, '96170340715', 'tripoli', 17, 1, 35.00, 'Pending', '2026-04-22 13:42:16'),
(65, 'ORD-1776865336', 14, '96170340715', 'tripoli', 16, 1, 30.00, 'Pending', '2026-04-22 13:42:16'),
(66, 'ORD-1776936073', 16, '096181261682', 'aldnya', 18, 1, 10.00, 'Shipped', '2026-04-23 09:21:13'),
(67, 'ORD-1776936073', 16, '096181261682', 'aldnya', 20, 1, 22.00, 'Pending', '2026-04-23 09:21:13'),
(68, 'ORD-1776936073', 16, '096181261682', 'aldnya', 17, 1, 35.00, 'Pending', '2026-04-23 09:21:13'),
(69, 'ORD-1776941763', 5, '00945566', 'uytffddd1', 15, 1, 12.00, 'Pending', '2026-04-23 10:56:03'),
(70, 'ORD-1776941763', 5, '00945566', 'uytffddd1', 8, 1, 5.00, 'Pending', '2026-04-23 10:56:03'),
(71, 'ORD-1776941763', 5, '00945566', 'uytffddd1', 18, 1, 10.00, 'Pending', '2026-04-23 10:56:03'),
(72, 'ORD-1776957737', 8, '96170340715', 'jfjffjf', 20, 5, 110.00, 'Pending', '2026-04-23 15:22:17'),
(73, 'ORD-1776957737', 8, '96170340715', 'jfjffjf', 18, 1, 10.00, 'Pending', '2026-04-23 15:22:17'),
(75, 'ORD-1777098968', 8, '96170340715', 'jfjffjf', 17, 1, 35.00, 'Pending', '2026-04-25 06:36:08'),
(76, 'ORD-1777133412', 8, '96170340715', 'jfjffjf', 18, 1, 10.00, 'Shipped', '2026-04-25 16:10:12'),
(77, 'ORD-1777133412', 8, '96170340715', 'jfjffjf', 20, 1, 22.00, 'Pending', '2026-04-25 16:10:12'),
(78, 'ORD-1777133412', 8, '96170340715', 'jfjffjf', 15, 1, 12.00, 'Pending', '2026-04-25 16:10:12'),
(79, 'ORD-1777672672', 3, '', '', 21, 1, 10.00, 'Pending', '2026-05-01 21:57:52'),
(80, 'ORD-1777703955', 17, '58895445', 'gsyutyu', 8, 50, 250.00, 'Pending', '2026-05-02 06:39:15'),
(81, 'ORD-1779452816', 8, '96170340715', 'jfjffjf', 21, 3, 30.00, 'Shipped', '2026-05-22 12:26:56'),
(82, 'ORD-1779452816', 8, '96170340715', 'jfjffjf', 20, 1, 22.00, 'Pending', '2026-05-22 12:26:56'),
(83, 'ORD-1779452816', 8, '96170340715', 'jfjffjf', 18, 1, 10.00, 'Pending', '2026-05-22 12:26:56'),
(84, 'ORD-1780251108', 8, '96170340715', 'jfjffjf', 20, 1, 22.00, 'Pending', '2026-05-31 18:11:48'),
(85, 'ORD-1780251108', 8, '96170340715', 'jfjffjf', 21, 17, 170.00, 'Pending', '2026-05-31 18:11:48'),
(86, 'ORD-1780418639', 8, '96170340715', 'jfjffjf', 20, 42, 924.00, 'Pending', '2026-06-02 16:43:59'),
(87, 'ORD-1780418639', 8, '96170340715', 'jfjffjf', 18, 20, 200.00, 'Pending', '2026-06-02 16:43:59'),
(88, 'ORD-1780418639', 8, '96170340715', 'jfjffjf', 17, 1, 35.00, 'Pending', '2026-06-02 16:43:59'),
(89, 'ORD-1780418910', 8, '96170340715', 'jfjffjf', 17, 48, 1680.00, 'Pending', '2026-06-02 16:48:30'),
(90, 'ORD-1780418910', 8, '96170340715', 'jfjffjf', 8, 1, 5.00, 'Pending', '2026-06-02 16:48:30'),
(91, 'ORD-1780418938', 8, '96170340715', 'jfjffjf', 15, 49, 588.00, 'Pending', '2026-06-02 16:48:58'),
(92, 'ORD-1780418938', 8, '96170340715', 'jfjffjf', 8, 1, 5.00, 'Pending', '2026-06-02 16:48:58'),
(93, 'ORD-1780419186', 8, '96170340715', 'jfjffjf', 8, 18, 90.00, 'Shipped', '2026-06-02 16:53:06'),
(94, 'ORD-1780561679', 8, '96170340715', 'jfjffjf', 21, 2, 20.00, 'Pending', '2026-06-04 08:27:59');

-- --------------------------------------------------------

--
-- Table structure for table `password_resets`
--

CREATE TABLE `password_resets` (
  `id` int(11) NOT NULL,
  `email` varchar(255) NOT NULL,
  `token` varchar(6) NOT NULL,
  `expires_at` datetime NOT NULL,
  `used` tinyint(1) DEFAULT 0,
  `created_at` timestamp NOT NULL DEFAULT current_timestamp()
) ENGINE=InnoDB DEFAULT CHARSET=utf8mb4 COLLATE=utf8mb4_general_ci;

--
-- Dumping data for table `password_resets`
--

INSERT INTO `password_resets` (`id`, `email`, `token`, `expires_at`, `used`, `created_at`) VALUES
(10, 'kamalakhars7@gmail.com', '638564', '2026-05-22 15:57:06', 1, '2026-05-22 12:42:06');

-- --------------------------------------------------------

--
-- Table structure for table `prescriptions`
--

CREATE TABLE `prescriptions` (
  `id` int(11) NOT NULL,
  `user_id` int(11) DEFAULT NULL,
  `image_path` varchar(255) NOT NULL,
  `notes` text DEFAULT NULL,
  `status` enum('pending','prepared','delivered') DEFAULT 'pending',
  `created_at` timestamp NOT NULL DEFAULT current_timestamp()
) ENGINE=InnoDB DEFAULT CHARSET=utf8mb4 COLLATE=utf8mb4_general_ci;

-- --------------------------------------------------------

--
-- Table structure for table `products`
--

CREATE TABLE `products` (
  `id` int(11) NOT NULL,
  `name` varchar(100) NOT NULL,
  `description` text DEFAULT NULL,
  `price` decimal(10,2) NOT NULL,
  `image` varchar(255) DEFAULT NULL,
  `category` varchar(50) DEFAULT NULL,
  `stock_quantity` int(11) DEFAULT 0,
  `stock` int(11) NOT NULL DEFAULT 0
) ENGINE=InnoDB DEFAULT CHARSET=utf8mb4 COLLATE=utf8mb4_general_ci;

--
-- Dumping data for table `products`
--

INSERT INTO `products` (`id`, `name`, `description`, `price`, `image`, `category`, `stock_quantity`, `stock`) VALUES
(2, 'vitamin C', NULL, 12.00, 'Pharmacy-Isometric-Icons-8.png', 'Vitamins', 0, 21),
(3, 'Baby Milk 3', NULL, 15.00, 'WhatsApp Image 2026-04-16 at 10.00.00 PM (1).jpeg', 'Kids', 0, 50),
(6, 'vitamin B12', NULL, 10.00, '1776517654_WhatsApp Image 2026-04-18 at 3.59.54 PM.jpeg', 'Vitamins', 0, 50),
(7, 'vitaminABC', NULL, 16.00, '1776517688_WhatsApp Image 2026-04-18 at 3.59.54 PM (2).jpeg', 'Vitamins', 0, 50),
(8, 'Vitamin', NULL, 5.00, '1776517723_WhatsApp Image 2026-04-18 at 3.59.54 PM (1).jpeg', 'Vitamins', 0, 20),
(15, 'skin', NULL, 12.00, '1776519540_69e389745fd40.jpeg', 'Skin', 0, 20),
(16, 'mekup', NULL, 30.00, '1776519590_69e389a6ba65c.jpeg', 'Makeup', 0, 50),
(17, 'mekupplus', NULL, 35.00, '1776519614_69e389be81c3f.jpeg', 'Makeup', 0, 20),
(18, 'j', NULL, 10.00, '1776519641_69e389d922c4f.jpeg', 'Hair', 0, 20),
(20, 'palsam', NULL, 22.00, '1776546641_69e3f3517752f.jpeg', 'Skin', 0, 20),
(21, 'champoo', NULL, 10.00, '1777672459_69f5210b00712.jpg', 'Personal', 0, 18),
(22, 'vitamn', NULL, 100.07, '1780562010_6a21385a8c2c5.png', 'Vitamins', 0, 10);

-- --------------------------------------------------------

--
-- Table structure for table `users`
--

CREATE TABLE `users` (
  `id` int(11) NOT NULL,
  `firstname` varchar(50) NOT NULL,
  `lastname` varchar(50) NOT NULL,
  `email` varchar(100) NOT NULL,
  `password` varchar(255) NOT NULL,
  `phone` varchar(20) DEFAULT NULL,
  `address` text DEFAULT NULL,
  `role` enum('user','admin') DEFAULT 'user',
  `created_at` timestamp NOT NULL DEFAULT current_timestamp()
) ENGINE=InnoDB DEFAULT CHARSET=utf8mb4 COLLATE=utf8mb4_general_ci;

--
-- Dumping data for table `users`
--

INSERT INTO `users` (`id`, `firstname`, `lastname`, `email`, `password`, `phone`, `address`, `role`, `created_at`) VALUES
(1, 'kamal', 'akhras', 'kamalakhras@gmail.com', '$2y$10$F8.xoLBXqf1NO9zgT7Qq.uWNbk1kHMZPqFoPeXx9kRi7LkHDsRUCm', NULL, NULL, 'admin', '2026-02-27 17:12:29'),
(3, 'AYSHA', 'ISSA', 'AISHA12@GMAIL.COM', '$2y$10$wXSJFvx9BaOjqkKtdiZVuOdm1xV1UG4DjTuKM7UsX3RV1FgHxm1CK', '', NULL, 'user', '2026-03-14 08:33:36'),
(4, 'kamal', 'kamal', 'kamal123@gmail.com', '$2y$10$VI1tdAGhDR7e9a5FKm.McO.X1vMNmtrlnlE37dqqz3TXGSJCcgkzO', NULL, NULL, 'admin', '2026-04-16 15:16:06'),
(5, 'wassk', 'akhras', 'wassk@gmail.com', '$2y$10$71ZDyXdcfhVErfgXE28hAeV6pbT6GJ3wLg8icJ6elZ2dHWwNVydlu', '00945566', 'uytffddd1', 'user', '2026-04-16 20:33:41'),
(6, 'aycha', 'isa', 'issaaycha08@gmail.com', '$2y$10$dtu7veru2/AmA9YhVwgEMu70ffH352xqwSr/nzS/c9zIexrlNZ.EC', '81269219', 'al ebbeh', 'admin', '2026-04-18 05:56:11'),
(7, 'hamze', 'kamal', 'kamal@gmail.com', '123456', '70340715', 'tripoli', 'user', '2026-04-18 06:30:37'),
(8, 'kamal', 'akhras', 'kamalakhars7@gmail.com', '$2y$10$X7Tt6suY9HKsnwnhIwmveuOVAbgkwhy7Gtwg20VUxNcln9Tk47hoy', '96170340715', 'jfjffjf', 'user', '2026-04-18 15:12:11'),
(9, 'kamal', 'ak', 'kamalakhars8@gmail.com', '$2y$10$HpOUWGV2PJTTNbReoJoTieoMu3CaHdniestwS9aPJt42YYi2ss/3y', '96170340715', 'dfff', 'user', '2026-04-18 15:15:44'),
(10, 'mimo', 'issa', 'mimo12@gmail.com', '$2y$10$GdXWaLqbE05mV.zk7FwFvOxYTo8/6AhzYhqtEIMiUeHPZOoqWylnK', '81234512', 'tripoli', 'user', '2026-04-19 18:57:46'),
(11, 'jihad', 'jihad', 'jihad@gmail.com', '$2y$10$dqGWyV4Gl9PHVGqW9e.k3eUmdpFsYuNGuLCfWM9amIUemxdAsrppu', '81234567', 'tripoli', 'user', '2026-04-19 19:34:21'),
(12, 'sidra', 'issa', 'sidra@gmail.com', '$2y$10$ohaoxDzvKe7hj4d8FRmQ4.rnlffrqgZHT1MGmfv6hoAYzUBn2fpQm', '24857955', 'tripoli', 'user', '2026-04-19 20:21:15'),
(13, 'anas', 'kanj', 'mimo.12.hj@gmail.com', '$2y$10$IhEEpsnQLrUquiVvwXPNXuVt2Kdstac7M355.F5j79j5JBRWT2CCy', '96171759316', 'lebanon', 'user', '2026-04-22 08:20:56'),
(14, 'ahmad', 'ak', 'kamalakhars9@gmail.com', '$2y$10$sxegswhbdb2FsLRasQ2cH.ElaDXgqMEu9UpKr0n1UUZkn4FI/HW5e', '96170340715', 'tripoli', 'user', '2026-04-22 13:10:33'),
(15, 'remedy', 'remedy', 'remedypharmcy@gmail.com', '$2y$10$WRweYdEz5ZMo4qkuQ8y4Be1QsYh7gqGgy0CTixC9IJD.ctpFzwFLe', '096170340715', 'tripoli', 'admin', '2026-04-22 13:44:06'),
(16, 'khaled', 'a', 'khaledalmaghchouh@gmail.com', '$2y$10$Q6.WGs2C1Ugiv/MpjpPm5.m277wz0sjxkb/PSwZLSvqeQdgvGEiHi', '096181261682', 'aldnya', 'user', '2026-04-23 09:11:07'),
(17, 'layla', 'layla', 'layla@gmail.com', '$2y$10$jXVm86v47YKiE0W5G2rSROUKd7.jD1d0MBquG1/Nu7kEW3vXTWA6S', '58895445', 'gsyutyu', 'user', '2026-05-02 06:34:08'),
(18, 'kamal', 'akhras', 'issaaycha0@gmail.com', '$2y$10$M55/9D8Mv0fZn8hmDE1sTOqfkNcednInZBvYfdbNt4X5rWTWZvcOm', '094646g64', 'kamal', 'user', '2026-06-04 08:15:39');

--
-- Indexes for dumped tables
--

--
-- Indexes for table `admins`
--
ALTER TABLE `admins`
  ADD PRIMARY KEY (`id`),
  ADD UNIQUE KEY `username` (`username`);

--
-- Indexes for table `contact_messages`
--
ALTER TABLE `contact_messages`
  ADD PRIMARY KEY (`id`);

--
-- Indexes for table `medication_alerts`
--
ALTER TABLE `medication_alerts`
  ADD PRIMARY KEY (`id`),
  ADD KEY `user_id` (`user_id`);

--
-- Indexes for table `midecal_consultation`
--
ALTER TABLE `midecal_consultation`
  ADD PRIMARY KEY (`id`);

--
-- Indexes for table `notifications`
--
ALTER TABLE `notifications`
  ADD PRIMARY KEY (`id`);

--
-- Indexes for table `orders`
--
ALTER TABLE `orders`
  ADD PRIMARY KEY (`order_id`);

--
-- Indexes for table `password_resets`
--
ALTER TABLE `password_resets`
  ADD PRIMARY KEY (`id`);

--
-- Indexes for table `prescriptions`
--
ALTER TABLE `prescriptions`
  ADD PRIMARY KEY (`id`),
  ADD KEY `user_id` (`user_id`);

--
-- Indexes for table `products`
--
ALTER TABLE `products`
  ADD PRIMARY KEY (`id`);

--
-- Indexes for table `users`
--
ALTER TABLE `users`
  ADD PRIMARY KEY (`id`),
  ADD UNIQUE KEY `email` (`email`);

--
-- AUTO_INCREMENT for dumped tables
--

--
-- AUTO_INCREMENT for table `admins`
--
ALTER TABLE `admins`
  MODIFY `id` int(11) NOT NULL AUTO_INCREMENT;

--
-- AUTO_INCREMENT for table `contact_messages`
--
ALTER TABLE `contact_messages`
  MODIFY `id` int(11) NOT NULL AUTO_INCREMENT, AUTO_INCREMENT=2;

--
-- AUTO_INCREMENT for table `medication_alerts`
--
ALTER TABLE `medication_alerts`
  MODIFY `id` int(11) NOT NULL AUTO_INCREMENT, AUTO_INCREMENT=61;

--
-- AUTO_INCREMENT for table `midecal_consultation`
--
ALTER TABLE `midecal_consultation`
  MODIFY `id` int(11) NOT NULL AUTO_INCREMENT, AUTO_INCREMENT=44;

--
-- AUTO_INCREMENT for table `notifications`
--
ALTER TABLE `notifications`
  MODIFY `id` int(11) NOT NULL AUTO_INCREMENT, AUTO_INCREMENT=386;

--
-- AUTO_INCREMENT for table `orders`
--
ALTER TABLE `orders`
  MODIFY `order_id` int(11) NOT NULL AUTO_INCREMENT, AUTO_INCREMENT=95;

--
-- AUTO_INCREMENT for table `password_resets`
--
ALTER TABLE `password_resets`
  MODIFY `id` int(11) NOT NULL AUTO_INCREMENT, AUTO_INCREMENT=11;

--
-- AUTO_INCREMENT for table `prescriptions`
--
ALTER TABLE `prescriptions`
  MODIFY `id` int(11) NOT NULL AUTO_INCREMENT;

--
-- AUTO_INCREMENT for table `products`
--
ALTER TABLE `products`
  MODIFY `id` int(11) NOT NULL AUTO_INCREMENT, AUTO_INCREMENT=23;

--
-- AUTO_INCREMENT for table `users`
--
ALTER TABLE `users`
  MODIFY `id` int(11) NOT NULL AUTO_INCREMENT, AUTO_INCREMENT=19;

--
-- Constraints for dumped tables
--

--
-- Constraints for table `medication_alerts`
--
ALTER TABLE `medication_alerts`
  ADD CONSTRAINT `medication_alerts_ibfk_1` FOREIGN KEY (`user_id`) REFERENCES `users` (`id`);

--
-- Constraints for table `prescriptions`
--
ALTER TABLE `prescriptions`
  ADD CONSTRAINT `prescriptions_ibfk_1` FOREIGN KEY (`user_id`) REFERENCES `users` (`id`) ON DELETE CASCADE;
COMMIT;

/*!40101 SET CHARACTER_SET_CLIENT=@OLD_CHARACTER_SET_CLIENT */;
/*!40101 SET CHARACTER_SET_RESULTS=@OLD_CHARACTER_SET_RESULTS */;
/*!40101 SET COLLATION_CONNECTION=@OLD_COLLATION_CONNECTION */;
